result_no	generate_no	e_no	name	player	
64	0	1	フィリアとアナスタシア	くまあたま
64	0	2	レノア・バーリィ	赤☆
64	0	3	ルイゼット・ギヨティーヌ	うさぎ
64	0	4	アーデルハイト・ヴェストオーベン	七篠
64	0	5	ポポロ・ダンドリオン	上谷七人
64	0	6	ピアンタ・ディペントーラ	一色恋
64	0	7	ショウ	びり〜
64	0	8	天津国 九郎	あんあんあんあー
64	0	9	零落とこめつぶたち	わん太
64	0	10	シュジンコウペンギン	みんちゃ
64	0	11	アリストクラット・C＝ブランシュ	白猫の尻尾
64	0	12	イリス・ゼペット	るくらん
64	0	13	天草 黒姫	ぐら
64	0	16	文箭	句外
64	0	17	ミラルカ・アスペディア	砂糖細工
64	0	19	ユナ・ウィルトーン	アルマ
64	0	20	キバ＝グニパヘリル	夜色狼
64	0	21	ルイン・ハーコード	ありたヤギ。
64	0	23	U子	ab
64	0	24	アルベルト・レガトール	石油王
64	0	25	マスティハ	明
64	0	26	メメント＝Ｍ＝ブラックウォーター	JAKE
64	0	27	ドゥーロ＝Ｔ	TKT
64	0	28	黒鷺正義	くろてん
64	0	29	SS	029
64	0	32	いのち	おろししょうが
64	0	33	泥棒犬	泥棒犬
64	0	34	グラスグラス・ノスタルジア	rkm
64	0	36	綾峰マイカ	柚衣
64	0	37	アルネス・ウェルネイト	竜華
64	0	38	リドレー・F・エルディンゲルト	Falkeberg
64	0	39	口無 日鞠	パララクス
64	0	40	Amnesia	pupils
64	0	42	伊吹八葉	tig
64	0	43	一薬童子	ぷいにゅえる
64	0	44	グリゴリ・ドミトリエヴィチ・ラージン	パクチ
64	0	46	どうながねこぞくと青年	elec.
64	0	47	ガノエル	れのこ
64	0	48	熄・R=イスーリア	EX/
64	0	49	ライネ・スパークル	雫
64	0	50	レーネフィア・ディ・ステラ	空木
64	0	52	弥那杜　まつり	こあ
64	0	53	アイリス・ザ・ウィザード	ぷらら
64	0	54	ミオクローヌス	cuma
64	0	55	シャルロッテ・フレワーズ	河廣円
64	0	57	ワハブ	はくしゃ
64	0	58	カリガ・オードヴィ	ぬわ
64	0	59	マリーエル＝カーライル	よっし
64	0	61	イヨールノット	縄綯い
64	0	63	五鬼童　朱音	へいかっか
64	0	65	シルマリィ＝ルゥ	風見ん
64	0	66	古郡 祀	ふじもり
64	0	67	ロク=リク	monotone
64	0	68	サイ＝マゼット	Tiki
64	0	69	ドゥバド・エルッソ	じゃれ
64	0	70	積木儀太夫輔匡	黄昏
64	0	71	ヘクター・ブレイズバース	mirry1p
64	0	72	一色 迦楼羅	夕凪
64	0	73	フィア＝カラット	桐生乃壁
64	0	75	馬酔木	ちみっこ
64	0	76	青錆山の穴熊護鬼	びすこ
64	0	78	キーニ・ローティル	ＴＯＭ
64	0	79	ミカヤ・リリィ	やきうどん
64	0	80	ハフリ	てんてん
64	0	81	霜月 雪華 & 霜月 銀弥	銀
64	0	83	ミモザ＝ブルーメンタール	タカミ
64	0	84	ネロスフィーネ・アバド	Fide
64	0	85	アンゼリカ・グレース・モモ	白鷺六羽
64	0	86	四辻	く
64	0	87	シアー・スティッグ	cynclare
64	0	88	テリオス・ヴァンガード	しおー
64	0	89	ワドル・リグラ	サバク
64	0	90	残虐女王　　近衛騎士	firce
64	0	91	ミチエーリ・G・ガルテンジア	屍貴族
64	0	92	アルキメンデス	ロブがに
64	0	93	カタナ	katana
64	0	94	ローラス＆ビブリオバベル	折口
64	0	96	Ptype：Zsolt	蒼扇六花
64	0	97	CHJ-26	ゼットン
64	0	98	立鳥　拳士	なかし
64	0	99	レクシア＝リゾス	物陰
64	0	100	佐藤 深雪	ぷそっ
64	0	101	モウゼス・Ｔ・ノヴェリエ	ポポカ
64	0	104	[p:Nereis]万已楽	イシュリン
64	0	105	Silva U.A.Tiamato	Forest
64	0	107	エレイン・フェアチャイルド	ひのと
64	0	108	アレジッタ	みなたに
64	0	109	封魔なつみ	むらさきあんこ
64	0	110	ディンディーガッシュ	白
64	0	111	マサリカ	有柄莉衣
64	0	112	藤原クロカネ	とも
64	0	113	リン＝トルマ	赤いの
64	0	115	アークス	もも
64	0	116	Rusty.Nail.De.Cat	猫柳うなぁ
64	0	117	ミリアム・バラーハス	TKJ認可試験農場
64	0	118	アムル	りの
64	0	120	ヴェント＝ラージェン	栗原翡翠
64	0	121	ティン＝ペット	zerori
64	0	122	ソウ	のこぎり。
64	0	123	御世木 明久	ひろか
64	0	127	音無 志津香	しっぽ
64	0	129	フーキ・イートン	hurahura
64	0	130	オフィーリア＝クォリス	れてぃ
64	0	131	カラス	クロリ
64	0	132	ギガヤ	しか／かなまい
64	0	133	大鍋の魔女	浅井
64	0	134	Rola=Dia=Rache	柚木メグ
64	0	135	バロックヒート・アンバーロード	N.A.T
64	0	138	天草 白露	.avi
64	0	139	名乗らずのナナシ	笛氷
64	0	140	スカルミリオーネ	ファル
64	0	143	エリア・クルースニク	れい
64	0	144	大豊萌	ちさの
64	0	145	パン製造機械と農婦少女型パンゴーレム	GR
64	0	146	スカラ・ウォールナット	tuki
64	0	147	アリスシア・グレィ	rap
64	0	148	アルカネット＝ウェーデリア	くおん
64	0	149	デュヘイル＝エルフェリム	ラグ
64	0	150	フィリカ＝ミィ＝ティス	元かにょ
64	0	151	リナリア＝リグリット	kx
64	0	153	七菜	ひーのん
64	0	154	ネルケ・ヴァイスローザ	Rubel
64	0	155	ペドロ・ドメネク・イ・ジュジョール	藤本
64	0	156	レア＝シュテンベルク	auna
64	0	157	万 橙夜	なおやん
64	0	158	フイユモーヴ・マルグトゥ	わかめ ※広告の品
64	0	159	フィーナ・タルムード	えうぐ
64	0	160	ドルチェ P. ソアーヴェ	瑞樹
64	0	161	ゼロ=クラッド	のろじい
64	0	162	リレッタ・ベルフォード	リレッタ＠檻葉
64	0	163	彩香＝クライシス	PEPE
64	0	164	ムーニア・グリューン	緑のむにむに
64	0	167	ペリーナ・ベッルス	深音ミドリ
64	0	170	カレン・ディスラプター	THE ENＯ
64	0	171	ランディ・フォルトゥニス	けもぉ
64	0	173	アリス・ペチュニア	Sakiiti
64	0	174	≪ミコシ≫編隊 Ｃ・Ｃ・Ｃ	PD
64	0	176	Gunow-Swarold	ぎぃ。
64	0	178	黒谷シュウスケ	しろたけ
64	0	179	ヤガト・サジュノ	ソトザキ
64	0	180	ペケレチュプ	JACK
64	0	183	アリス・アンダーソン	ao
64	0	184	ちきさに・すわぬふむ	神依レラ
64	0	185	偽	えーや
64	0	186	シセ=フライハイト	きあさゆうひ
64	0	188	ウルクビスト・マジュー	nopst
64	0	189	リヴェラ・ガルバン	N.A.O
64	0	190	ルーフ＝シャンドル	もにゃ
64	0	191	イオ	千
64	0	192	アルバード・ノエル	EARL
64	0	194	ルア	takeya14
64	0	195	ガルニック	とり〜
64	0	196	アムルイ・パセニシパ	ガリえもん
64	0	197	クニーＲ	Ｋ−Ｒ
64	0	198	深緋が丘のアジュガ	メシエナンバー
64	0	200	ユパック・コレ	白遊
64	0	201	グルガルウ	みすてぃ
64	0	204	アシェラッド＝ウィアド・ケーナズ	isana
64	0	205	ヘイアン＝ディヴァータ	いりす
64	0	206	アリエス＝マークフェルド	みと
64	0	209	マンセル・ペイジ	a.s
64	0	210	Lairnace=Alva	雨ヶ谷 律
64	0	213	イリア	ありあ
64	0	215	レグルス＝レグルス	栂
64	0	217	ノイエ	たまま
64	0	218	有澤　零砂	駄無ＰＬ
64	0	221	プシューケ世界のトランプオンシャッテン	ゆきそら
64	0	222	ゲオルギウス=グリエルムス	jim
64	0	223	エモンハルト・クロイゼル	ブラン＆クーガー
64	0	224	フィラデルフィア・シャントリエリ	水面
64	0	225	ミシェル=L=ティルフォ	夜明詩
64	0	226	リーナ・チャーチ	フッキー
64	0	227	フフリリ=トキ	トキ
64	0	228	西条　鹿矢	マルス
64	0	232	パッチー	ペナー
64	0	233	こっくりさん	白狐
64	0	234	クロエ・シャリエール	りこ
64	0	235	CS/Fine Jack	緑もやし
64	0	236	ギルベルタ＝ダールマン	えい
64	0	237	シイナ・クユンジク	秋月さくや
64	0	238	ユーノ・トラウム	魅麗院 黒歌
64	0	240	花隠　春蔵	drau
64	0	241	和尚	ノルン
64	0	242	流動はやみ	はやおベルン
64	0	243	東郷小次郎	メイ・フーチー
64	0	244	ローズクォーツ	水無月十夜
64	0	245	ヤコ	みけいぬ
64	0	247	アティカ・ド・バリー	wind
64	0	248	クリストフ・Ｖ・Ｄ・ベルグ	がーねっと
64	0	251	月姫＝彩洛	ろた
64	0	253	宮重	パウチ
64	0	255	アイサ・ビント・マーシャル	ぼっち
64	0	256	Aida Marret	Tamany
64	0	259	蓮華	蚯蚓
64	0	260	スズメドラゴン	苦雪明智
64	0	261	シュネルプラーミア	牙狼
64	0	262	エルバート・モーガン	ANN
64	0	264	水橋準	水橋
64	0	266	月夜霊 千雫	エクロウレ
64	0	269	モクラ	リュウコントラ
64	0	270	里見・惣二朗	まろんとるてのユーキ
64	0	271	マリナ＝ルイーズ＝スペクトラ	柊さつき
64	0	273	怨根 アンリ	アンリ
64	0	274	ミラ・レラーバナ	でんきうに
64	0	275	分類：兎ノ丙種・零零六番	わはー
64	0	276	ニュクス・オクトー	りぐ@skrige
64	0	277	ウィルト	zos
64	0	280	クーリア・ヘリアンサス	メイパー
64	0	281	猫の鴨と葱	葱。
64	0	283	リト	ふゆ
64	0	286	聖夜　幽	ｋｓｋ
64	0	287	病宮　水鏡	やみなかみ
64	0	288	ジェイ・ジークムーア	是
64	0	289	ハディート・クロウリー	ディアボロス
64	0	290	日向野 茜	Breamt
64	0	291	薬師寺 桃子	麻碧ここ
64	0	297	ラクサ・ストレイシープ	鈴風 鴻
64	0	300	リリエッタ	古賀原
64	0	301	リリーベル・ウリムガウ	chiz
64	0	308	クロノ・ソード	NecroA
64	0	309	雑草王女	黒騎士＠虹色天幕
64	0	310	アルヴィナ・シームベルツ	Keynot
64	0	311	十・華音・リッチーニ	アシオ
64	0	312	ニコレット・バラデュール	渡部アクサ
64	0	313	人形と少女	はっぴーふぁーむ
64	0	315	度竺 蛍	のすけ
64	0	317	シェスカ・ロヴティノール	rins
64	0	318	桐生　月華	黒風
64	0	319	防村詠子	SHOW
64	0	320	Prototype Tyrant	りぼの
64	0	321	クレシェール	シー
64	0	323	スナイプロア	B
64	0	324	アトラ	巫女瓜
64	0	325	リリア=レイ=シルバーライト	遥音逢梨
64	0	327	プルヴィス	ブルー
64	0	329	望月雪菜	箱舟みかん
64	0	330	ジョアンナ・グプタ	ジャナ
64	0	333	カミユ・ナダ	とぴ
64	0	334	クラリスレイク	星裏
64	0	335	白雪	ないあ
64	0	336	Лисичка	ひばフレ
64	0	337	†片翼のアリス†	i3
64	0	339	沿道　沙耶江	しゅん
64	0	340	ルチル＝イリス	空江
64	0	341	メル・Ｆ・メルト	元・雷羽
64	0	342	ラズライト＝リスティ	藍
64	0	344	アイヴォリー＝ウィンド	Red
64	0	345	ガーネット＝パイロープ	レイティス
64	0	346	ヒムカ	藻
64	0	348	トーコ＝リハウンド	かなこ
64	0	349	ウィルフレッド＝ヒルテンベルガー	神酒坂
64	0	350	氷樹六花	りっか
64	0	351	ルナール	オパール
64	0	354	魔王さま	aisia
64	0	355	ちえり・R・アプリコット	ありおり
64	0	357	マリス＝H＝クリムワルド	エース
64	0	358	ユナカ＝エピドート	蟲惑魔
64	0	359	チャチャカ・ムバンタ	ジョン
64	0	360	ディルティルス	彩樹浦
64	0	363	エモーション・イモータル	カナメ・トランス
64	0	365	神崎 礼司	ユージ
64	0	366	全てを乱す者	混沌王
64	0	367	Jackie Cage	南瓜
64	0	368	最上　文	白珠
64	0	369	クキュルガシュミュルバ	八月一日
64	0	370	シエル	秋茄子びっと
64	0	371	クラガドラシア	かのっこ
64	0	372	矢吹　琴	寿屋
64	0	376	アイリス=F=エルティン	Silvance
64	0	379	ボーン・ジョン・ボビー	WARLOCK
64	0	380	X	睡眠男
64	0	381	木下寿美	へりこ爆太
64	0	382	エレネスティナ・ゼス＝アルヴィート	涼丘
64	0	383	於下 まこ	uni
64	0	384	エステル・オーロラオーラ	エルミィーネ
64	0	385	アサミ・キルマ	榾このえ
64	0	386	アクウェル=ファイ	フィガロ・L
64	0	387	夜泉	竜宮
64	0	389	リリー・オデット	らぴねる
64	0	391	リセナ・D・ルーモ	ゆ
64	0	392	イーグル=D=ザード	ねこふせん
64	0	393	パリルード・ブラウダリヤ・メリルクシュラ	白長須
64	0	394	にゃんぷる	にゃんこ
64	0	395	アーモンド＝ナッツ	えみつ
64	0	396	風雷の桃香	喜多
64	0	397	黒乃蟒蛇	楠瀬ハジメ
64	0	399	岩山鉱助	そま
64	0	400	ヴィオラ	け〜け
64	0	401	鵬翼 外巣	くきゅ
64	0	403	ロロム=リムレット	ぺんぺんみさ
64	0	404	すせり	おこめ
64	0	408	クエンティン・チェンバレン	sg
64	0	410	不破吏　らら	CAD
64	0	411	レイスラーフィルド＝A＝キャロライン	水月
64	0	412	レフ＝ベグルス	ティー
64	0	413	フェイ＝E＝メルアーヌ	シルル
64	0	414	YTB02-NM『MKoRobo』	おとうふ屋
64	0	415	外崎楼鬼	外郎
64	0	418	メィレー・トレッツァ	スズナ
64	0	419	トーマス＝ミラ	Nirror
64	0	420	ヴィンセント	りくを
64	0	421	アブジーニャ	大宇宙F意思
64	0	422	レオン・カイ	夢亜
64	0	423	ホントウ	niziatama
64	0	425	ネイラ＝ミクレイン	ネイPL
64	0	427	ティリーシス＝オルフォーネ	うみそら
64	0	428	クリスタル・カレラン	Mate
64	0	429	クローシェとクー	あめのや
64	0	430	クリシュナ	せらまいと
64	0	431	イドゥン＝アトラク	奇崎
64	0	432	ティアラ・ヴィアンシエール	たまご
64	0	433	クォーツコアトル	ごがつろ
64	0	434	セス	砂男
64	0	435	赤井　卍人	まりるぎ
64	0	436	レンドラン	ギョーマ
64	0	437	何かが詰まった怪しい壷	404
64	0	439	レミシエル・アルト	ライゼリィ
64	0	442	レナート・フィウメリオ	P
64	0	445	渡瀬　苺香	散々
64	0	446	茨子と棘丸	シロ
64	0	447	伊賦夜魅月	斬華
64	0	448	カーキアス	いとこん
64	0	449	メイリー・R・リアーン	たぬき
64	0	450	セレイア・ヴェントリス	忍
64	0	451	レーン＝カレルレン	エリー
64	0	452	カイン・レヴォルト	ぶらう
64	0	453	“Pappet-Maker”	七星 昴
64	0	455	アンナ・シロザキ	Acid
64	0	456	牧野陽辻	電子レンヂ
64	0	457	サクラ・エゾヤマ	桜ちこ
64	0	458	レイヤ・センドウ	旦那
64	0	459	紙季	狐
64	0	460	エリザ・イングェイズ	NK
64	0	463	エリュテイア・ロートレック	くろあ
64	0	464	鳴瀬 御舟	空路(そらみち)
64	0	465	ギラ・ヴェルナー	つヴぁるす
64	0	467	トール＝ライザ	かくれみ忍
64	0	468	弥那杜　みのり	三郎
64	0	469	ジェミリア・アークロンダム	茶利
64	0	470	ハイン・ハル・ハンス	かとみつ
64	0	471	七夜　慧	あまちと
64	0	472	カーフェイネス・シュリオーシャム	サイ
64	0	473	キャプテン・グレート 二代目	スカーフうさぎ
64	0	474	セイロン／アッサム	キリ２
64	0	475	卯の花腐し	イオ
64	0	476	サクラシア	リムリス
64	0	477	ガルヴァニナーナ	蒼鴉
64	0	482	エリーシャ・ワインド	冷麺
64	0	484	オフェーリア＝フィンレック	左脳
64	0	485	フォルカー・アルフレヒト	南部　樋
64	0	489	フェイス・ハチェット	悠迦
64	0	492	カルス＝ガーラント	Eins
64	0	493	薬屋　飴造	の〜ねえむ
64	0	494	北里八鷹	斬進
64	0	495	ヒューラス・レイジスト	萱崎あきら
64	0	497	ディーネ=クラウド	NNK
64	0	498	小田切　優那	かりん
64	0	499	弓引き人形アドニシア	jag
64	0	500	涼夜　頼代	yky
64	0	501	ミレーユ・オパリオス	秋
64	0	503	ミィナ・メルオート	矢野原ききょう
64	0	504	金楊騎士	たしなみがい
64	0	505	苔むした鉱蛙	Zbigniew
64	0	508	重曹	悶々
64	0	510	ゼゼ・レプト	放浪型
64	0	511	レイズ・クラッド	フェザー
64	0	512	パウル・スパンタウゼン	PAUL
64	0	517	ヴェルンカステル・ルミナスエッジ	詩音
64	0	519	ティアリス＝エルシュニア	姉御
64	0	521	シャーベット・アズライト	K
64	0	523	チャット・アイスハーズ	jam
64	0	524	ヴァンエッタ＝エルトリネーゼ	Vanetta
64	0	525	刹那	柚木郁
64	0	527	海慶	クガツ
64	0	528	太歳	Emonium
64	0	533	セレーネ	16歳・美少女
64	0	536	王狐 電六	LFA
64	0	541	クウ・シロザキ	あたいはお
64	0	542	CV	ああさあ
64	0	543	チーム超能力者	ぶらっく
64	0	546	フィーグル	消夢
64	0	547	柊　魔異	せい
64	0	548	バドリナード	221
64	0	550	フェルハト=クトラ	太秦
64	0	552	高岡 初葉	紫珠
64	0	553	ライー・ローレイラ	三並真人
64	0	555	リーゼロッテ・フォン・アウストリア	石乃つばめ
64	0	556	シトロン・A・アンブランシュ	エクス
64	0	557	荒船千鳥	ニーニ
64	0	558	もみじ	コトラ
64	0	559	ハーカ	ha-ka
64	0	560	スイス・ロール・ド・リアン	更夜
64	0	563	カルマ＝サルヴァドール	Giryu
64	0	564	月影　星牙	領大
64	0	565	まじかるのーど	名無し忍者
64	0	566	リーグ・アインヘルヤル	yktm
64	0	567	小野寺　琥珀	武蔵
64	0	569	Twins	M氏
64	0	570	山城　途渡	Ｙ氏
64	0	572	コノコ＝エレキ	nagy
64	0	574	コノカ	なのあるな
64	0	575	Alnair	まけ
64	0	577	アピス＝レトラベル	やながわにな
64	0	578	カイエン=ペリエ	でぃあす
64	0	579	アリス・イェーガー	鬼瓦＠地雷
64	0	580	オポポスたん	つき
64	0	582	アルト・グリューエル	蛍石
64	0	584	チェチーリオ	鶏
64	0	585	リエン・ラクティル	こやこ
64	0	586	アイギス＝イルミナティ	睦月破雪
64	0	587	レティ＝コンツェルン	みつまめ
64	0	588	ササ	ささしたさん
64	0	590	アプレ・モワ	ジュヌセクワ
64	0	593	ミライ＝ツルギノ	その辺りの剣
64	0	594	五十摘風音	氷神
64	0	595	ビス・デアス・ノナウムス	Bis
64	0	596	アウラル	みみすけ
64	0	597	ザ＝ハイブリッド	えくすとれんじ
64	0	599	雪火女	七九かなで
64	0	600	稲郷　綱	謎人
64	0	601	Acht	Acht
64	0	602	雪城　巴	はち
64	0	603	アレクシス・マクリオン	おおた
64	0	604	ハチマキ	51
64	0	605	ジャクリーン・トレンチャード	桑畑
64	0	606	靴下のマオ	鉤尻尾
64	0	607	シェリー・ギムレット	きりり
64	0	610	シトラス・B・フラッフィ	柳上　昂
64	0	611	ミュリエラ・ナザール	フサフサリア
64	0	612	アール	ruca
64	0	614	アルティナ＝ピストレタス	TAGOSAKU
64	0	616	紅葉	救
64	0	617	ユリシス・フリューリング	ユリル
64	0	618	ユクリット・マーゼルナーベ	よもぎ
64	0	619	白猫と黒猫	気まぐれな中の人
64	0	620	雀	ろくばつ
64	0	621	シンシア・シーリー	砂
64	0	622	稲荷　ココ	りゅき
64	0	624	エアル・ケラシア	栄
64	0	629	レイゼル・アルディリス	闇魔龍
64	0	630	峰雪光	STSK
64	0	633	ルーリ・シルキー	ru-
64	0	634	DDD	DDD
64	0	641	アティニト・ハイス	・ｗ・`
64	0	642	昴・トニエス	有微候
64	0	643	アリエス	狩咲　佐倉
64	0	647	熾姫＆風姫	片瀬煉
64	0	650	帆ノ澄　いさな	fujimura
64	0	652	ティア・フローライト	teatry
64	0	655	星水アリス	THEKI
64	0	656	社保のはるかさん	ぼり
64	0	657	柏木　勇太	もふ
64	0	660	渡来葉月	とらい
64	0	661	内藤Darkness	内藤
64	0	662	ティムラハ	41
64	0	667	マリア・イブリス	なな
64	0	668	イコン	sen_wired
64	0	669	無垢なるシャーデンフロイデの模擬実験	助かりマンモス
64	0	670	ヴィルヘルム・タウトロッフェン	游
64	0	672	自律機動型履帯式自動二輪車	holic
64	0	674	つちのこ	かまんべ
64	0	677	セシリア=アリエス	アサツキ
64	0	678	紅月亮	宗
64	0	681	比良坂こよみ	Ganache
64	0	683	櫻木みずほ	なぎー
64	0	684	オーレリウス・ゴイーシャ	リョウ
64	0	685	シュウヤ	苺トマト
64	0	686	ウェスタ	リシド
64	0	687	グラゴニア・ファグノス	クラスト
64	0	688	カズオミ	加倉
64	0	689	ユウマ	ゆーまさんしゃいん
64	0	691	ヘリヤ・イブリス	谷津
64	0	692	サルスベリ伯爵	うた
64	0	693	グレンダ・エイル・カートライト	lion
64	0	696	ティーチェ・濫波淋	じゅねは.jp
64	0	697	麻月 詩織	asatsuki
64	0	698	龍	村人
64	0	700	山田慈悟郎	つちのこ
64	0	701	レモン＝ヴァビーナ	夏の憂鬱
64	0	702	白沙射　シータケ	かもめ
64	0	703	Juha=Holanti	なまはむ
64	0	704	ブルーナ・ウィリス	mita
64	0	705	アトラシア	アトラ
64	0	707	なまな まな	ゐヌ
64	0	709	**** **	mo
64	0	710	鬼灯 楓	通りすがりのDGさん
64	0	711	黎 琳	青
64	0	713	立花雪枝	憐崎捺輝
64	0	715	エスヴィア・バルトゥーニェク	nozaki
64	0	716	Wild Dog	猫ぽん
64	0	718	アルフ・ライラ	おると
64	0	721	イサナ	赤坂瑞希
64	0	722	シミナ=シエラ	てんちょ
64	0	723	イオナ・ハイライン	くわみず
64	0	724	小嵐・ミクロスヴィティス	つゆうりこおん
64	0	726	アナスタシア・L=マグダリーナ	four
64	0	727	Primary	Ynoji
64	0	728	ヴァルフラニア・Ｄ・Ｂ＝エーデルヒルド	みつき
64	0	732	稲葉 舞兎	コウヅキ
64	0	735	ゼノ・グラード	till
64	0	736	鉄くずの精霊	Blade
64	0	738	シオン=シエラ	銘柄
64	0	739	フェノール・亜鉛華リニメント	せーら
64	0	742	ルフタ	めるぽ
64	0	744	ガル	ぼんごれ
64	0	745	アルム・アピエス	的
64	0	747	ニール・キャスケット	俵井あせり
64	0	748	漆原昌彦	K．K
64	0	750	クロム・クルーエル	Lect
64	0	751	シシカバブ・ダイバード	にゃりょん
64	0	752	Nanoka.F.Volciena	れーぜるす
64	0	758	青時雨　アマド	sica
64	0	759	ルチル＝クォーツ＝クレセント	若月　梨里
64	0	760	ライアー・スウィンドラー	T教授
64	0	761	イルマ	icco
64	0	763	グレイマン・スモーキー	miseki
64	0	764	アゼル・フィルレイス	C.P
64	0	773	オリヴィア	t-87
64	0	775	無名戦士の墓	ジャスミン
64	0	777	ミルフィーユ・オ・シューノワールと下僕	のあ
64	0	778	ティファレト	繭
64	0	779	鶴来のらこ	そのらぁ
64	0	780	アニマ・ロウ・カリスタ	グラ
64	0	783	アリア・Ｒ・ウルカノン	サの付く何か
64	0	784	甲立　桐始	ゴードン
64	0	787	リーシィ	望
64	0	788	ロア＝ユーサネイジア	氷雨
64	0	789	七五三　忠之介	R
64	0	792	焼き雀と生稲荷	will
64	0	793	メリー	クリティス
64	0	794	トト	もりのは
64	0	795	ホノイ・ノ・イェプ	summit16
64	0	797	夜風　水音	蒼水冷希
64	0	799	千巌	田中彼方
64	0	800	マーリファ・シェマスァ	天崎
64	0	804	セファ・ランテラ	かっこ
64	0	805	LM-TPZ0586.A.W	七鳩
64	0	807	リィス・ラグドール	蒼陰蒼
64	0	808	エル＝レイヴンベイン	早瀬六藻
64	0	809	マッハ・エリン	XcelZeplin
64	0	810	リンカ・ルナール	ある
64	0	812	毀夙	Jacob
64	0	815	だいこん	_emeth
64	0	817	ヴォルペ	秋山裕治
64	0	823	レイド・アルケ・ゼロス	アルケ
64	0	826	ユベルト=ユーボルト	龍田揚げ
64	0	828	カーク・モト・クンカ	ニト
64	0	830	アシル・メリメ	野崎
64	0	832	白紡女	stk
64	0	837	麻生　暁人	ここのえ
64	0	838	黒藤	トマト
64	0	839	彼方心	しぐなる
64	0	841	アストラ＝チェータナー	ヨハネ
64	0	842	ニルズ	まーる
64	0	845	怪奇天幕グラン＝ギニョール	こか
64	0	846	オズワルド・ラドナー	tohako
64	0	848	クラウディ・ハルニベール	ロココ
64	0	849	久地 雷公 忠政	ヒガヒサ
64	0	850	LB・かるら	りっしー
64	0	851	白鳥　燕	紅葉屋
64	0	854	エンバー	はとまめ
64	0	856	秋月　義則	死の天使あずろげる
64	0	858	ディテール・ジャーニー	spree
64	0	859	まだら	うぐいす
64	0	862	むじな	S-Life
64	0	863	ファウナ・イティス・ツァーリ	月凪ハティ
64	0	864	ベルンハルディーネ	くろつき
64	0	865	アリフィス・リストリア	深水
64	0	866	クルードゥム・クレイモア	Dragoth
64	0	868	ガ・ラ	bikke
64	0	870	淡紅藤　詠諷	SternLicht
64	0	872	メビウス・ツェペシュ	九翠
64	0	873	神楽　牡丹	すなぬし
64	0	874	紅公子	Eru
64	0	876	シエミ・メイソンリー	友人K
64	0	878	農民カメル＆露	calm wing
64	0	879	サフィーア・フレアガルド	紅しずく
64	0	880	セラ	ゆー
64	0	881	メイア	きがん
64	0	882	夢狐 鼓	朔月
64	0	883	リオン	深海
64	0	885	メルクリィ・メルヘン	A_amatsuki
64	0	888	モートゥ	沢村
64	0	889	トラン＝ヴォルグ	ザハラ
64	0	890	たまコ	たまコ
64	0	891	級長津 梔子	∞
64	0	893	薙疾	ウクレレ
64	0	894	輪廻	ヤツガヤ
64	0	895	澄崎 輝	TYR
64	0	897	ローゼリア	椿
64	0	899	燈子	やさか
64	0	900	ナクタ	くろん
64	0	904	椎名　香澄	k
64	0	906	モノクロゲート	古録　茅優
64	0	907	R.G.Miracle	kk
64	0	908	プラム=フロマージュ	もっくり
64	0	910	綾織　空木	ウツギ
64	0	911	グラン	らじ
64	0	914	ブルーノ・T田	ジャック
64	0	915	ニーヨル	灰
64	0	918	紫鯤・ブランデンブルグ・波部	しのだ
64	0	919	赤色谷のスラッグマン	ぽぽんま
64	0	921	九琉	水無月九龍
64	0	922	新発田　源五郎	kusamakura
64	0	923	ラズーアシュタイン	ごま
64	0	926	ユリアーナ・インゲブルク	古季
64	0	928	一二三四五六	t
64	0	931	アマリア＝フロルマーシュ	姫桜
64	0	932	ドン・ボーガン	emt
64	0	936	戦闘力ファイブ	小咲
64	0	939	レント＝セルハイン	皇帝ぺんぎん大将
64	0	940	イオナ＝ユフィドール	ひあ
64	0	941	カタリナ・イラディエル	七重
64	0	943	触手さんとレインちゃん	ヤギー
64	0	944	ぎん	ぎん
64	0	946	ユーグレ・Ａ・ルビースカイ	綾羽裕
64	0	949	狂骨	狂骨
64	0	950	魔夜	ディープ深狐
64	0	952	メープル	なおすけ
64	0	953	ティシア＝ヴァルクス	ituki
64	0	954	イース	こー
64	0	955	リマトリィド	えいり
64	0	956	テティス・サンクチュアリ	ゆう娘々。
64	0	957	シルズグレー	唐子
64	0	958	レスティア＝ノール	kin
64	0	959	ミストリア	Lerajie
64	0	960	巽 みつぎ	ゆえる
64	0	964	暁梨　あや	aya
64	0	966	ソルティ・ヴァオヴァオ	塩犬
64	0	968	黒羽　麻音	968.
64	0	970	ジャック・ザ・ブックワーム	Konezumi
64	0	971	駒綱云右衛門	八儿
64	0	972	ヴァルシュトローゼ	しんく
64	0	973	Jeannette=Einache	tsuncho
64	0	975	フィーネラント・カーラーン	斉藤フィーネ
64	0	978	リチュエル・キスミント	補佐
64	0	980	美浜花音	レクセル
64	0	983	オデット	なまかり
64	0	984	ササ	沙茶
64	0	985	フィンヴェナハ	ボノ
64	0	986	花冠	さかな
64	0	988	ルミーダ・ウッドクレスト	なる
64	0	989	神威 咲良	まゆき
64	0	990	冷やしそうめん	むずがゆい
64	0	991	鵐 恠	眞白銀
64	0	993	ぴか	てと
64	0	994	譲葉　尋佑	海月日和
64	0	995	レンカ=ハリーク	あっち
64	0	997	キーリア・カルディアー	カイダ
64	0	1000	オルトリンデ	昂
64	0	1001	レッドキャップ・マハ	廃ゴリラ
64	0	1004	姫廻 紗綾	raylith
64	0	1005	トリー	にんじん
64	0	1006	ソルティ・ライチ	ちきん
64	0	1007	プライオーネ	アラワタ
64	0	1008	ペルチェ	未知
64	0	1010	小檜山 千里	凡人
64	0	1011	西沢　琴美	いがなき
64	0	1013	イレーネ・シュッツ	Caro
64	0	1016	東雲水音	きく
64	0	1018	巴 慈希	ささら
64	0	1019	アンナ・ミラ	kikunojyo
64	0	1020	メルティ・マリット	中の人などいない
64	0	1021	ディエゴ・アルリエタ	砂漠
64	0	1022	Pix S Erement	しかぴぃ
64	0	1023	トート=ロードストーン	ぼんさん
64	0	1026	PnKT-01Type-B	mitsuki
64	0	1027	ディーナ・サープレス	sakasa
64	0	1029	レム＝ニーグ＝アハト	creith
64	0	1030	迷い森の灯	やすお
64	0	1031	灰谷 焔	Sin Kanna
64	0	1032	月待 杠	F.T.Garnet
64	0	1033	ロゥライト・ロストフール	わっと
64	0	1034	狐瑠璃	みずわた
64	0	1036	立花霊香	虚向風音
64	0	1037	アルフレッド・ヤサカ	mad
64	0	1038	ヴァルト＝ヴィントシュティレ	MOTISMA
64	0	1039	口無 紅鞠	さえき
64	0	1041	イクサ＋ティカ	エカテリーナ大尉
64	0	1042	寓話帝ハーメルン	stara
64	0	1044	ユージェニー・ラララーヌ	もりぞー
64	0	1045	ナフコ・パスコ	しゃけご
64	0	1046	ヴィルヘルム	いちせ
64	0	1047	メリーヴィン・テッサリア	リーン
64	0	1049	テンテン	鹿飼
64	0	1050	エロイ・アナヤ・ヒメネス	f***
64	0	1051	まどうせいめいたいへかとん	MT
64	0	1052	Q	getu
64	0	1054	アロン・ディルード	ネルト
64	0	1055	テッフー	とるね
64	0	1057	Leeforest=Karudi	加々見梨香
64	0	1058	クライカリオス・E・ユルング	九十九
64	0	1066	ギルザ	野々
64	0	1067	紗智	玖慈羅
64	0	1068	ロッカフォルテ	enemia
64	0	1070	レア・フォン・ヴィルヘルム	りりあ
64	0	1071	ハノとノア	竹犬
64	0	1073	真田 影丸	piyo
64	0	1075	ユウキ＝ティレット	たい兄さん。
64	0	1076	レーゼン・シュライベ	柚子樹
64	0	1078	イルペイス・ブロウユ	藻々隅
64	0	1083	シェイク・ミストレスト	kasu
64	0	1088	フェア=ネニュファール	はすみ＠
64	0	1090	望月　達美	たつみん
64	0	1091	神薙　唯奈	真白白雪
64	0	1093	フィリア・シュトレイン	誠さん
64	0	1094	スワ	よもぎ林
64	0	1095	さよ	だらっくま
64	0	1100	闇	総元帥兼皇帝
64	0	1106	ララノート＝ラグドール	まりも
64	0	1107	ラドゥベルガ	りゅい
64	0	1108	飛星 頼花	miya
64	0	1109	ジーヴ＝セーターソン	s_sen
64	0	1110	カズラ・ネペンテス	FM
64	0	1111	エルヘヴン	懐中時計
64	0	1112	アレクサンドライト・シルヴェスタ	吠
64	0	1113	ウィルフレッド	＊＊＊
64	0	1115	ノエル・フェネリー	チル
64	0	1116	シロ・Ａ・ウエザラル	なかにし二朗
64	0	1117	駆け出しハンター	アド
64	0	1121	くろねずみ	LOSH
64	0	1122	一之瀬　仁	visions
64	0	1123	唯	ひよ八
64	0	1124	文月 柊士郎	*EdiM*
64	0	1126	作品名「七つの足と三つの顎を持った羽化」	平澤
64	0	1130	朝日奈　すず	ごんべ
64	0	1132	スィナン	isago
64	0	1133	アデル	ことらって
64	0	1134	阿僧祇	まんた
64	0	1137	アンナ・キルサーノヴァ	さくやせんか
64	0	1138	環境改変機関『夢幻光』	AIRLAB
64	0	1139	メルツェーデス	fusagawa
64	0	1140	ホセ	まめかぼちゃ
64	0	1141	荒巻　大悟	CLFL
64	0	1143	ＲＯ＝Ｃ１１	A.T.
64	0	1144	下柘植 杠	杠PL
64	0	1145	にあみ	あはし
64	0	1147	ディアナ・エイル	ミズノ
64	0	1148	ねこっぱち	さるさる
64	0	1149	九	あん
64	0	1150	ゼイラス・インペラトル	Kei.
64	0	1152	アトモスフィア	ttbn
64	0	1155	トレノ・セレンニータ	希月スズ
64	0	1159	下柘植 桃	Henry
64	0	1161	ラノエルージュ・カネルベージュ	マフ
64	0	1162	ロッテ・シヴァン	ふぉーと
64	0	1163	アイ=トランシェント	せつ
64	0	1164	柊流那	ぬーん
64	0	1165	下柘植 柚	Kris.S
64	0	1166	生咲胡鞠	ししょ
64	0	1167	ギィネシアヌ＝セイミルス＝ルシュア	山田
64	0	1168	島　参仁	rin
64	0	1177	ゴンベリウス=Y=タゴサーク	もいもい
64	0	1178	霧川 凛	ししょぉ！
64	0	1180	イゾルデ・コスグレイヴ	ばれんたぃん
64	0	1183	マルグリット=フィーネ=ローゼンクロイツ	アレス
64	0	1184	レミエル	十
64	0	1185	下柘植 竜胆	seeker
64	0	1186	チェルシー・リリー	ぷち
64	0	1187	ムゥ=サ=ル	菜葉
64	0	1188	タニッド・スネーク	コヴェル
64	0	1191	エレスチャル・Ａ・ジェイド	ふるむーん
64	0	1192	フォスカー＝クロムウェイ	Justuer
64	0	1193	ファースティア・A・ラフェニール	Dさん
64	0	1195	ミハウ・クワイアトコウスキ	けい
64	0	1196	コトカ・ラヤヤルヴィ	おかゆ
64	0	1197	深淵獣化植物獣もんぷらっ☆	トレンティーナ
64	0	1198	グレバ・ダンツァン	四葉幸
64	0	1199	スーノ・ビジオ	seki
64	0	1200	くろこ	箱猫
64	0	1202	ヒマジンブレイカー†クレイモア†	ナンヤ！
64	0	1203	スターク・ハイペリオン	せれ
64	0	1204	ヤドランカ・プピン	うにこ。
64	0	1206	パーカー	ある
64	0	1207	首なし武者	st_sgw
64	0	1208	ディアドラ＝Ｅ＝A＝ローゼンメイデン	芙蓉
64	0	1215	レナリア	レーナ
64	0	1216	楠谷 紅猿	紅猿PL
64	0	1217	楠谷 狸子	rhyme
64	0	1218	楠谷 虎衣	虎衣PＬ
64	0	1219	放浪のウィトサーレ	すちょ
64	0	1220	オルタンシア	こがわ
64	0	1221	メレク ヴォルテラ	sen.
64	0	1222	†聖天使もぐちゃん姫DX†	もぐちゃん（本物）
64	0	1223	シルヴァ・セナ・フィール	竜樹
64	0	1225	鍛代　真金	鯖の見込み
64	0	1227	鮭延朱里／勇丹	芸備
64	0	1229	黄布	デュパン
64	0	1231	リヴァラン・イブリス	まひろ
64	0	1232	有馬村のおよみ	マリア観世音
64	0	1236	グレイナード・F・ノイエン	KTN
64	0	1237	モリソン＝ブリット	もぶ
64	0	1238	ルルゥロ	ヤスタカ
64	0	1244	オータム・エッグプラント	焼き餅
64	0	1245	カタリナ＝オルカグランデ	pasco
64	0	1246	ラァギット	すふこ
64	0	1247	カールユーディス	月雲
64	0	1248	エオル＝イングラグ	ふぁる
64	0	1249	天藍	聖たかな
64	0	1250	留吉	翁
64	0	1251	クッキー＆ＡＧ・ジャガー	クラウンハート
64	0	1253	スラント・J・フォックス	アルディン
64	0	1254	クレーデレ・ムータントウル	heriet
64	0	1255	ルクリ・スゥ・フォーリア	ricoco
64	0	1257	ハロルド・イズミ・ロイズ	杯
64	0	1259	デビッド・カーライル	カイ
64	0	1260	エミリー・ディグリース	雨宮
64	0	1261	フォリア・バールド	ティラ・イユール
64	0	1268	アー・ギー・ビー・トリューバー	細雪
64	0	1270	レニングラードと名乗るなにか	みかぜ
64	0	1271	エマルとレノア	ハミュング
64	0	1272	シュトリーシュ=グラール	ふるぬとぅ
64	0	1273	シャノ	TBSK
64	0	1274	ユーグ・グランジェ	南京半二
64	0	1275	楠木　寿子	刹那　澪
64	0	1277	其処にゐる虚ろの匣	せつこ
64	0	1279	ルプス・ワガーティオ	おくさま
64	0	1282	カルルカレン	koinumaru1
64	0	1283	"漂流者" アーシェ	アーシェPL
64	0	1284	Armonica	M. K.
64	0	1285	誣之 之衣	干し柿
64	0	1286	雪菜	シズル
64	0	1287	ソノラ=カルヴァドス	くじらん
64	0	1288	アレイナ・コレイナ	早
64	0	1289	モルト・スフォルツァート	えがぁ
64	0	1290	セロ・プランシー	plancy
64	0	1291	タッカー・オータン	Kちゃん
64	0	1293	エロイコット・シタイン	バ?
64	0	1294	さえのり　ぬい	ロイシェ
64	0	1296	アネット・バーニングハート	犬畜生
64	0	1297	占部 満	ホラー
64	0	1300	アンジェリカ・エスカリオーネ	番傘
64	0	1301	レヴェック・ベルナール	弋
64	0	1302	江田　陸月	カミヤキサラ
64	0	1303	カジャ・ウェクエル	RN
64	0	1305	カリカ	謎のバルバリシア
64	0	1308	リャオ=トナティウ	ふぁお
64	0	1313	現原 せつな	S.A
64	0	1314	イメリ	らさみ
64	0	1315	ぷいぷい＠	ぷいぷい＠
64	0	1319	イルセリア・クリューエ	ゆは
64	0	1320	墨染佐久呂	新々
64	0	1321	一ノ瀬　千秋	しずき
64	0	1322	ケ・チェスポレカ	irori-roro
64	0	1324	エーラ・レッシェン	ロッシュジャック
64	0	1325	腐肉と助手	bou
64	0	1326	リコリス＝フォスター	pikajet
64	0	1327	リンティア	柊
64	0	1328	しあ	しあ
64	0	1329	百日紅	羽柴清香
64	0	1330	シエロ・アルカーノ	メンマ丼
64	0	1331	スラップ・オブ・リオン	あおいしょう
64	0	1332	シャナシ	らすく
64	0	1333	アルディウス=D=シェイド	飛鳥
64	0	1334	ディアリアド・ウェリア	雪見かなめ/陽雪
64	0	1335	エシャロット=グレイス	死神ミュウ
64	0	1336	ソルト＝エルト＝タクト＝アルトセルト	U
64	0	1337	くろねこ	白毛玉
64	0	1338	アザミ＝イシモリ	いすい
64	0	1339	レンガ&ガレン	五目豆
64	0	1340	ピオ	かりの
64	0	1343	レイス・ラムレーン	桐生
64	0	1344	【四本脚】のニュクス	黄桜
64	0	1347	菅原 レクシーダ	ういろう
64	0	1348	シロ・ザ・モフモフデス・グレイト	惑星MoF監視人
64	0	1349	クローシェ・ヘムロック	のん
64	0	1350	クジャマル＝ペンタ	虹羽ペンギン
64	0	1351	マリア・ティタニエール	月夜＠おいちゃん
64	0	1352	ミルフィア・シュトラーゼ	とき
64	0	1353	バケネコ	鼠
64	0	1356	1356	えぞみち
64	0	1358	キャロライン・メリオット	ひよこ
64	0	1361	メイベル・ラウィーニア	うぃー！にゃー！／
64	0	1363	='-'=	ぼろきれさん
64	0	1364	アンジュ・パッセ	328。
64	0	1367	デマ子	suzuki
64	0	1369	とうふ	ゆめ
64	0	1372	日方 桃歌	風波
64	0	1373	イザティル＝フェルトリット	さく
64	0	1378	グラスティエル	noel
64	0	1379	ウーリ・M・アルムスター	まーじ
64	0	1381	デリフィーン・ジヴィーテ	ネズ
64	0	1382	リューティク・ジヴィーテ	＊おおっと＊
64	0	1383	皿屋敷　柚子子	ほくと
64	0	1386	メアリー・Ｓ・アリーン	みゅぅ或いは長葱勘弁
64	0	1389	飯倉 明葉	銖梨
64	0	1391	日暮　漣	gureirar
64	0	1393	ドモン・破・天功	ねりわさび。
64	0	1394	トラトラ	ｓｔｍｒ
64	0	1395	Daniel=Andersen	たけ
64	0	1398	アロウド・“ストーンイーター”マカリヘル	九弦
64	0	1405	ロッシ	大きい猫
64	0	1407	真那霞	A-C
64	0	1408	ティセア＝クリューシス	炎戒
64	0	1409	ノイ・モーント	ねずみ
64	0	1410	黒瀬 そなた	白水かなた
64	0	1411	ヴェール・ビュイ	かっぱ
64	0	1413	火威夜風	おれっち
64	0	1414	自己学習型家庭用クレアータ試作No.47	三毛猫
64	0	1415	崇良巳土里	kibi
64	0	1416	ミランダ・アースリンデ	月村
64	0	1417	古代鍋型生物「闇鍋」	○○の背後霊
64	0	1421	フリーダ＝ボルツマン	水破
64	0	1422	シェラタン・アリーズ	紅珠
64	0	1423	チセ	miu
64	0	1425	狐と愉快な仲間たち	むつきつね
64	0	1427	秋廻 壱歳 尽儀郎	Lucieal
64	0	1428	シリウス	葛葉
64	0	1429	メアリー・ギャッツ	テルミット
64	0	1430	”手紙喰らい”ラト＝エテル	ぎるやま
64	0	1431	クローデ	さんしろ
64	0	1432	5速ギア型ライドキャリアー	NSK
64	0	1434	シトラス・パッシリア	喜多見
64	0	1435	みそしる	ふまじめ
64	0	1436	シリウス・リカントワルツ	せんじゅ
64	0	1439	ゼフォトロト・メギンデルモ	bj8910
64	0	1440	アルコル・ミーゼリアス	ゆめくらげ
64	0	1442	イェグリグ=オレガエグ	えぐえぐ
64	0	1446	トビアス＝パルジファル	D
64	0	1447	ヘラセナビアンカ	神武来
64	0	1449	マルグリット・ウェルトン	りりん
64	0	1450	いわとび　こおり	オオエド＠17
64	0	1452	スチュアート・ノット	雨酒
64	0	1455	レイラー・ムーン	深谷
64	0	1456	ツザリク・ヴォロシーロフ	KATINO
64	0	1460	イグシル	のこ
64	0	1462	大コーン	白ぷー
64	0	1463	リアネルーベル・エンティリア	梓紀
64	0	1464	ショコラッタ＝ビタービーツ	なしろ
64	0	1465	ステファニー	おきよ
64	0	1466	リード	Ian
64	0	1467	酒仙梅里	梅酒
64	0	1468	スカーレット	元クリンツ
64	0	1469	エルザ・フォン・アーレンベルク	レナーテ
64	0	1470	マリィゴールド	フカシいも2号
64	0	1471	アムルィ	h2so4
64	0	1472	エンペラー・きのこ・Jr	ししゃもん
64	0	1473	河合千尋	きゃな
64	0	1475	畑羅木　卓内	あじふらい老師
64	0	1477	シアン・デューレ	kos
64	0	1478	ティファニー＝ローズ	しぇり〜
64	0	1479	ラスティ・マイン	UWELL
64	0	1480	瞑劉	劉麒大地
64	0	1481	ナンテ＝リオルグランテ＝キーン	kan-pi
64	0	1482	レイオ・エ・メイヴ	れい
64	0	1483	テヘランパサラン	かーな
64	0	1486	朝霞 未々明	ミミール
64	0	1487	リュカ・レクラム	空夢
64	0	1488	シドニー・ロル	rue
64	0	1489	アーロン＝ヘカエル	AaronPL
64	0	1491	祭野鉄人	熊っぽい人
64	0	1492	春日 奈津火	藤村直
64	0	1493	鎌瀬　荊	ラオ
64	0	1494	田中　彼方	とと
64	0	1495	オルガ・オルガノール	KRNG
64	0	1496	ヤール	十戸
64	0	1497	マイカ・ウイスタリア	マドウクシャ
64	0	1498	エル・フィガロ	水杜
64	0	1499	ラザラス・パース	松子
64	0	1500	ハルシオン	咎
64	0	1501	Chupacabra	ジャスティス
64	0	1502	フィドル・レベック	帰宅部
64	0	1503	ライナ・シルヴァンス	隊長
64	0	1505	セルウィン・ランデスフルク	笹屋
64	0	1506	リラエ・O・アルムレジン	ひさ
64	0	1507	結城ヒナカ	そらそら
64	0	1509	凍土の農奴 ゴード・サルファード	Crymson（栗）
64	0	1510	イゥーツィー	癸
64	0	1511	ウィウィとユカいな仲魔供	あまっち
64	0	1514	ＳＫ孔明	いち
64	0	1515	沙雪=ランフォード	KAZU
64	0	1517	グレイ・C・カッツェ	黒
64	0	1519	ユキナ・トマルクトゥス	うり
64	0	1523	シュガーレス・ショーガ	smd
64	0	1525	如月　真昼	　　
64	0	1527	調	kame
64	0	1530	ガラ＝ハ	しだ
64	0	1531	雨宮 楓	風雨
64	0	1532	多岐野　祥子	ほけ
64	0	1534	アヤメ・Ｓ・フリューリング	リノス
64	0	1535	くるえ	クルエ
64	0	1536	ソレイユ・クレプスキュル	ハルハル
64	0	1538	バシーク	ててて
64	0	1540	白沢一純	氷室風花
64	0	1541	フィフリナール＝ザルクベルム	ちねさだ
64	0	1542	アクア＝A＝アクアリウス	狐神凍夜
64	0	1543	現地生産田園対応型郵便配達伝人八十鉢号	ざき
64	0	1544	清水　成美	Ismile
64	0	1545	ジャンヌ＝アルヱィジ	らぐな＠狂月
64	0	1546	七種沙耶	かざね。
64	0	1547	驟雨	もっちー
64	0	1548	光宙	組長
64	0	1549	アナスタシア	Wednesday
64	0	1550	ジョエルア・プライム	noka
64	0	1551	フラウメル・アンジェリカ	文月
64	0	1552	パンダモニウム	茶柱
64	0	1553	リオナ＝シャイニーレイン	こあとる。
64	0	1555	梔羽　稍鋺	のすのす
64	0	1556	エミル・クレモンティーヌ	み
64	0	1557	BKB-37号	TEPIA
64	0	1558	エレン・ファルトリア	三日月銃士
64	0	1560	美濃　柴	萩本
64	0	1563	ダリア・オーガスト	マカダミアチョコ
64	0	1566	愛然院ガトー	さくらめんつ
64	0	1567	リュコ	ふみよし
64	0	1568	神名木　桃姫	風上の犬
64	0	1569	ソーニャ・エリカ・Ｋ・Ｖ・ローゼン	Z_Zeman
64	0	1575	ちくそう　せっき	TP
64	0	1578	海谷　未夜	ひびきんぐ
64	0	1579	桃香	桃色カバ
64	0	1582	獻琥	coffee
64	0	1583	カーサリア・ミラービリス	GNP
64	0	1585	ルレイル・イブー	モリアオ
64	0	1586	シャラーレフ・プーラー二	ぱんきーる
64	0	1587	ハクレン	クツジロー
64	0	1588	マシリー・ラブォーク	OJO
64	0	1593	十字軍ミサ	oak
64	0	1594	神楽 楓月	神楽 きりん
64	0	1596	ブラックビアス＝ディドスペード	mop
64	0	1597	ジャック=ハートウィル	kgl
64	0	1598	幸	寅緑
64	0	1599	苺　九十九	MAK
64	0	1602	フィリスティナ=R=ナリーナ	をつこ
64	0	1605	燐音	日長石
64	0	1607	村の守護竜	midoran
64	0	1609	アルト・ティラース	夢々
64	0	1610	ユーリィー・プロケル	海豚
64	0	1612	武隈安穏憲子	zia
64	0	1613	毛玉兎	P・R
64	0	1616	夏市ミア	.
64	0	1620	水許　ほとり	イチカ
64	0	1621	グランド・ファーザー	カーン
64	0	1622	小浦　千重	taka
64	0	1625	ネロ　クロウド	クロウド
64	0	1627	グラベル＝ヴァーミリオン	R&M
64	0	1629	軋森　めーこ	岸森　鳴子
64	0	1634	プルケリマ・スノウフレイク	雪の鳥
64	0	1636	メオ=ムスラディア	すめらぎ
64	0	1637	トチカ・レブン	滑るんです
64	0	1638	セレナ＝ノースロップ	EvilFox
64	0	1639	小ノ木 龍貴	otes
64	0	1640	巳南	つくも
64	0	1641	大楠カツヱ	ナカジマ
64	0	1642	攻城型自動人形兵団“フロズヴィトニル”	out
64	0	1646	ノエミ・イブリス	かむろ
64	0	1649	ロイ・マグナード	天川 七星
64	0	1650	暗所の渡し守	Unununium
64	0	1653	Lyalli Xenicus	睦月
64	0	1654	ラピス・フィル・Ｏ・ソフィア	甘衛門
64	0	1655	百名の野良	符
64	0	1660	“呑気の”ギョッル	犬＠backlaw
64	0	1662	リュンヌ・レティエ	超新星ロボ
64	0	1664	生野 夢愛	HULL
64	0	1669	フェリシア・ウェンティ	鈴鳴 美希
64	0	1671	碧野氷	蒼野青
64	0	1673	エイル・アリアス	すらいむ
64	0	1675	ナターシャ・クドリャフツェワ	のらうさぎ
64	0	1676	お米マン	G.G.レモン
64	0	1679	夢路	左舷
64	0	1680	ルドガー	るるあ
64	0	1681	ヴェイナス	漁夫財団員β
64	0	1682	リンゴ・ティルラ・フリーゼ	沙夜
64	0	1685	大瀞彦左衛門	九鯖屋
64	0	1686	フォーリンブール＝ファントムシーフ	shn
64	0	1688	リッチ・アンクル・ペニーバッグス	オードル
64	0	1692	プレスリー・平次	ぷーさん
64	0	1694	瑞季	う〜たん
64	0	1695	エル	夕月夜
64	0	1696	Black Diamond	しふぉんぬ
64	0	1697	グライフ	二号
64	0	1700	雛神　このみ	夏名いちと
64	0	1701	ルキラ・エルトリア	kish
64	0	1702	鈍	ZAIN
64	0	1704	秋野　さくら	秋野
64	0	1705	カグヤ・ラッキーＡ	うし
64	0	1707	レギオ＝アクリオ	レイシー
64	0	1709	シフォン＝リュミエル	某
64	0	1710	六	つばめ
64	0	1711	カセン・リテイ	御梛
64	0	1714	陽姫＝彩洛	辛味
64	0	1715	アイシェ・イェスルメン	ようかん
64	0	1716	日ノ本大和	御来屋水瀬
64	0	1718	ジェイド＝サザンクロス	カワモリ
64	0	1719	水山　鳴丸	AQN
64	0	1720	天ヶ谷 霖	狐百合
64	0	1721	天ヶ瀬 露	真冬
64	0	1722	煌月 雪穂	月読
64	0	1724	訪締切子	守鈴
64	0	1727	葛葉　花鈴	Vanilla
64	0	1728	アントニオ＝禄朗ベルナルド	藤井
64	0	1729	マルムベリィ＝イェールオース	きよらっと
64	0	1731	アレクシス＝グレイズ	影山彦法師
64	0	1732	リコリス・ラサロ	蒼色
64	0	1733	曲辻 ア華ネ	花麒麟
64	0	1734	楠木　花/実	かいんつ
64	0	1735	ルイーズ	Renja
64	0	1736	アージェティリア	箱
64	0	1737	アリエス	ほろ
64	0	1738	アザリヤ=イーグリット・バロウズ	乗りかかった泥舟
64	0	1741	トーマス　アンダーソン	gscid
64	0	1742	ライア・ルーク	こるく
64	0	1744	上銜 月緒	竜族
64	0	1746	リブ・アルベシオル	リオ
64	0	1747	クーガー	竹
64	0	1748	春鳥 はる子	黒
64	0	1749	裏男	うらお
64	0	1750	野獣狙撃兵“虎”	とっど
64	0	1752	マヤー・フォウル	まやー
64	0	1753	餅飯殿・油留木	てる
64	0	1757	フ・タバス・ズ・キリュウ	赤ボールペン
64	0	1758	メーベル・ショルンシュタイン 	メーベル
64	0	1759	ファムレリア・シルカ	ルーン
64	0	1762	[仔犬]	AU
64	0	1764	氷野宮・レイ	葉月
64	0	1765	朝霧 薫	ムニエル・大塚
64	0	1766	壬生 あやね	Lianora
64	0	1767	ルーリエ＝ハイゼンチル	兄ー
64	0	1768	キリエ・アレトゥーサ	ユウ＠鳥篭姫
64	0	1769	神乃 未琴	ユカリ
64	0	1770	宮森　董琉	狂
64	0	1771	イッキ・ファタジア	駒犬
64	0	1772	カラスノエンドウ	げしょ
64	0	1773	ライセール=エィサンドゥ	イーサ
64	0	1774	セシルス・ロズ	亞襲
64	0	1776	CHG00-Type.Hatreder	おタナさん
64	0	1777	神多羅木 慧	みゅる
64	0	1779	ユベヴェ・ハイパー	YUKO
64	0	1780	キルシュ・ブリューテ	おたま
64	0	1785	Iria cv Echeveria	みっちゃん
64	0	1787	ミーア・ローブーリン	CBA
64	0	1790	リブリ	たにし
64	0	1791	セラ・ルナトリル	どうけし
64	0	1793	杵嶋　鬼子	Sou_l
64	0	1794	ウォレン・Ｇ・バヤリィス	Ｈ５８
64	0	1795	ネッレス・オブアンオリー	緑のナマモノ
64	0	1796	アインセル	もけ
64	0	1798	佐倉　紅子	こめ太郎
64	0	1799	リーフォン君とライニアルさん	ありちよ
64	0	1800	イシュメール・アハブ・マーシュ	よみみ
64	0	1801	絲間之	ここ
64	0	1802	セルシア・デュイーシス	毛糸玉
64	0	1803	Piotti=Crescenzio	いお
64	0	1805	みーもゆ　　〜琴織	めゆしずく。みてるの
64	0	1809	宇治喜撰	高幡信
64	0	1810	フラン・ショコラ	KENT@WR
64	0	1811	ミヤ・ヘリオトロープ	からたち
64	0	1812	カンタレラ	円居花
64	0	1813	ミミクロ	文歌
64	0	1814	サラマンダー	もや
64	0	1818	ほたる	　　
64	0	1824	妖人形	Yaturcrows
64	0	1827	瀬ノ守 勇凜	cyber
64	0	1832	アマリア・アルカミリア	巴
64	0	1835	アルマイア・レイン	ほっしー
64	0	1837	後藤　葛葉	屋敷守
64	0	1840	ネイベール・フェリン	アルテミス.W.F
64	0	1844	ミック石川	ミック＠17
64	0	1848	クレアボルト・オーバーハウゼン	ももんがー
64	0	1849	クロウ・アンブローシア	神楽
64	0	1850	貫く槍	ツラヌクツルギ
64	0	1853	荒耶　薙	薙
64	0	1859	歩行竹馬	ラビきち
64	0	1862	ショウケン＝タツガミ	ミヨシ
64	0	1863	メグ・アディントン	はにょ
64	0	1870	宝島六二三十拳	ハイヤ＠17
64	0	1871	クリスティナ・エリアーデ	漣
64	0	1872	レナ＝ニゼカ	峯原あむりん
64	0	1876	Reborn Citron	d3824
64	0	1877	永谷塩鰤夫	　
64	0	1879	小林 大輔	部品屋
64	0	1880	封真	大神
64	0	1884	ワイルドファイア	のびやか
64	0	1886	宵風　采珈	緋守
64	0	1888	傘を差す少女	桜ゆうき
64	0	1890	触手姫	をすけ
64	0	1891	ジェームズ	PIKE
64	0	1892	ルーシア・ウィンジスト	レニー
64	0	1893	夢幻・ハユハ	mgn
64	0	1895	モック・フレンズマニー	蒲田唯
64	0	1908	ディエス・フビラシオン	A.C
64	0	1909	ゴリアテ・エルファング	AZAらし
64	0	1910	アイリス	桜花霊鬼
64	0	1911	草薙　ルクト	クロト
64	0	1916	アンジェリス	モウリス・ターラー
64	0	1917	しーくん	あるきめです
64	0	1920	フイユ・シーナ	ぶる〜べり〜
64	0	1923	ペット屋のおにいさん	おにいさん
64	0	1924	ヒスイ	nu
64	0	1928	自走式攻城砲「れんたろう」	mich10
64	0	1929	転生トラック	冒険者になろう
64	0	1931	シャルロット	ま∈（・ω・）∋
64	0	1932	キラ＝ファクト	ブラック●●
64	0	1933	エンド・オブ・XXX	VeNE
64	0	1936	イナネ・グラフィート	W・ベルハート
64	0	1937	トワ・マギア・トリポカ	江戸
64	0	1941	ウィスタリア＝L＝スノーフレーク	リュート
64	0	1945	セリーナ・セレスタイト	ジュエル
64	0	1947	ミィリエル・フォン・ブラウラント	空理
64	0	1948	天秤はかり	欝手霊子
64	0	1949	焔・綾昏	鈍色猫
64	0	1952	玄守　カサネ	夏波
64	0	1956	プーア＝ルーア	稲荷屋
64	0	1958	享楽	深淵
64	0	1959	アフレイド・ザ・ビハインド	とても大きな松戸
64	0	1960	テッド・ディフロス	ちぇる
64	0	1963	≪蒼玉望むエルイテの庭≫	夏初月ミト
64	0	1964	メディネ・アル・サアラ	pit
64	0	1965	ステラ・メアー	狼煙
64	0	1967	唐木高	甲殻類
64	0	1972	ルシア・ウィンディフォレスト	おさげ
64	0	1973	アルトムシ・ベシ	あな
64	0	1977	シャルロッテ・エーデルシュタイン	hawk
64	0	1981	セセリ＝C=グラキエル	くっきぃ
64	0	1983	宮前鈴鹿	悠月
64	0	1991	カンナ・エレノール	カジキマグロ鯖雄
64	0	2001	サフィニア・ペーチュ	かんふぉーら
64	0	2004	霧咲	限
64	0	2010	ルシエ・ソルブランシェ	ゆべしる
64	0	2011	佐倉由紀	D
64	0	2013	誰とも知れない浮遊霊のなれの果て	kdyj
64	0	2014	アオボシ	アオボシ
64	0	2016	シュール＝ストレミング	にしん
64	0	2023	レニーアクス・ラグナル・エーリヴェーガ	Tinochelle
64	0	2027	トリシア・フォン・ラッフルベルク	ぐりゃ
64	0	2028	ナメル	准尉
64	0	2029	エシカ・ピスターシュ	rosea
64	0	2041	彷徨い流離うアルジャーノン	nyafe
64	0	2048	クロム・トラバルト	楠木なっく
64	0	2050	ルミナス・C・ドライゼ	ハルフェリス
64	0	2051	サンライズ・パース	八剣学園
64	0	2052	古崎　鈴	senrin
64	0	2053	クライア＝フォルス	月子
64	0	2055	リベルテ	木霊
64	0	2057	ガルボ・クラフティ	らふびー
64	0	2060	レイ＝クウォート	斗神
64	0	2065	リカー＝Ｉ＝ストゥーヴァ	酒月のさら
64	0	2069	コールディア	しぐれ
64	0	2072	ヴェスペールト	烏代杳
64	0	2073	カブリ・キャッツ	つちくら
64	0	2076	沈んだうつろ舟に乗ってた女	aka
64	0	2079	ユメ＝フィーア	いたずら魔
64	0	2082	スプラウト	葵
64	0	2085	ナツキ	Alice
64	0	2091	ヒューズラント	ヒュー（中の人）
64	0	2103	東雲　京	みさか
64	0	2106	エオリアン・ハープ	如月弥生
64	0	2111	フィオナ	笹木
64	0	2114	フレイヤ・バウムガルト	神有
64	0	2115	サンタラ*アルバ	あるば
64	0	2117	フロレンス・リリーアン	りん
64	0	2120	エニグマ	うか
64	0	2122	有城冬花	なっき
64	0	2127	アイ・センシ	本部の罠
64	0	2128	イヴリン・ノーマン	Aco
64	0	2130	槌守　諷華	炬燵火鉢
64	0	2147	ペペコ	たて
64	0	2148	ククルカン	Gukumatz
64	0	2149	秘色	秘色
64	0	2152	初瀬　桜子	すずね
64	0	2154	WihZ	WihZ
64	0	2163	アークス・エレクナト	りゅ/負け犬
64	0	2168	ディモルフォセカ・レオ	カル缶
64	0	2171	ファオ・ディオシィ	流星
64	0	2174	Y・オルビド	はこふぐ
64	0	2198	ディル と ブラン	コル
64	0	2199	ressentiments	風見烏
64	0	2200	ヴァランタン・バルデュワン	高里
64	0	2201	パンダココ＝パンダシチ＝パンダバンヤ	ちくわ
64	0	2210	リリア	つん
64	0	2219	ウドンヨリ＝ソバガスキー	みの
64	0	2224	鵺丸	あたろう
64	0	2229	ガドリウス・ガードナー	ガンキンタイヤ
64	0	2248	アルトルート＝ロックウォード	FL
64	0	2249	saka01	saka01
64	0	2253	亡国の騎士	イチすけ
64	0	2258	羽鳴　涼音	響
64	0	2265	リシュレナ・フェルーディア	みづき（き＝なこ）
64	0	2267	クロウ・アルファ	みやぴ
64	0	2270	リプリィ・メルシュディック	りっぷる
64	0	2273	メカ汁	シルト
64	0	2274	かのん・ぶりーど	mezamasi
64	0	2278	円弧　悠誼	YOU
64	0	2285	アイ・B・ヴァーネラ	ふれーず
64	0	2289	吉野 茄々	蒟蒻葛餅-焼酎味
64	0	2292	環　土堀鼠	ドポーゾ
64	0	2294	ティンバー・ハーヴェスト	コリンLos
64	0	2295	ファメル・デ・ユグドラシル	てばさき＠ふじむら
64	0	2296	ガブリエーレ・アライダ・ガル	ハヤ
64	0	2306	フィーネ・エヴァレット	なずな
64	0	2309	首切峠　環	クラスタ
64	0	2310	最上 天羅	へじほぐ
64	0	2314	サーヴィレノ・ぶんこ	ぷれこんぬ
64	0	2315	ラグナス・フュルスティン	銀
64	0	2319	オリビン・ペリドット	やどかみ
64	0	2322	和泉 畝傍	東雲
64	0	2324	シェーングラス＝リンテ	花
64	0	2325	メンドク菜	わんにゃん
64	0	2326	瀬古玲	ばみ
64	0	2327	ヒルア=ン=ドーン	すこっちぃ
64	0	2334	ピィカ	もぐもぐ
64	0	2341	Grijs	ij
64	0	2346	98SEC	L_PLS
64	0	2347	カルメ・エンコード	鴨音
64	0	2348	ホーラ・ハーヴェイ	あばんてぃ
64	0	2349	ファイ	リイア
64	0	2355	還らずの森より孵りしもの	三日月
64	0	2356	冷血ガリバーヴォルク	ひの（仮）
64	0	2357	風の四天王	風の四天王
64	0	2358	岩男	岩男
64	0	2368	クリステル	すがり
64	0	2378	ココア・グラサージュ	ココア
64	0	2383	兎っ娘	うどん
64	0	2384	結締　真哉	アシェリート
64	0	2389	レムナヒ	赤宮
64	0	2393	ダイガ・オオガミ	ミカタ
64	0	2395	リラヴェル・カマック	プースカ
64	0	2398	ナスル＝アイン	単一
64	0	2403	永宮優詠	永宮優詠
64	0	2404	相楽水城	相楽水城
64	0	2408	とかげ	とかげ
64	0	2419	ヴァン・ドゥー	土木部
64	0	2426	アスモデース/ヴェールフェゴル	スリープレス
64	0	2427	Viola mandshurica	ウラジミールナボコフ
64	0	2428	カタストローフェ＝イグナーツ	hikaru
64	0	2432	ベルベット＝ナイトウォーカー	A・シャリアール
64	0	2436	名は無い仮面の君	男爵ポテト
64	0	2449	レヴィ	ころも
64	0	2468	ギロンティーヌ・R・サンドリオン	サリエル
64	0	2469	RJ	炙り鮭
64	0	2472	MY	MY
64	0	2473	夜の騎士	夜の蝶
64	0	2483	ヘンルーダ＝フィッセル	いちかわ
64	0	2486	イザベラ＝オストヴォルケ＝黒川	足軽
64	0	2487	ミケーレ・オリーツィオ	三毛
64	0	2493	イグナート・ヴァルト	かまぼこ
64	0	2497	レイン＝ラフカディオ	夢遊病
64	0	2498	カグラ・ヴェーリル	萱
64	0	2499	アルファズル・ブリンド	SIN
64	0	2500	多々良	無名
64	0	2501	皇　九十九	龍那
64	0	2506	エイル	輪廻
64	0	2510	ヴェーダ＝リーベランス	モノノフ
64	0	2513	ヘルメスト＝リスメギストス	ぴゃー
64	0	2514	シルヴィア=ラングレン	シルヴィア
64	0	2517	ティロ・デセンディエンテ	のあ
64	0	2518	針の英雄	鶯宿
64	0	2525	ヴォルサティ・ウェスペル	ツエル
64	0	2530	フェリナ・レスクルト	桜飯
64	0	2531	ナルミ	ゴン346
64	0	2532	ルナ＝アイスレット	ルナ
64	0	2533	冥王星	シャオ
64	0	2534	トトロッソ・トロロ・ト・トロール	土々呂
64	0	2538	ムエン	安藤
64	0	2539	フェア＝レイン	ダイス
64	0	2540	ミキィ=White・L	白露美希
64	0	2542	霧影輪	ろこ
64	0	2543	樹 美依	美作
64	0	2549	モノリス・モノアイズ	つっきー
64	0	2550	クリス＝ファーレングラード	へきさ
64	0	2551	アレクシア・ルーンティアーズ	アシュリー
64	0	2555	ナイトメア	ないとめあ
64	0	2557	ヴォーラーゲーエン＝フルフトバーカイト	どらいすきん
64	0	2558	イアン・サージェル・ミレトア	恵那
64	0	2561	ルヴァリア	ルー
64	0	2565	ルナ・ケルベロス・フランベリー	あまつち
64	0	2567	ショコラ・グラサージュ	しょこらん
64	0	2581	毛七力　冫	soku@モヒカン
64	0	2583	タルバ・シルベイ	Roppei
64	0	2584	山田るるか	nion
64	0	2588	コヒメ	ゆ〜ふぉ
64	0	2593	ぬとぬとする粘体	KY
64	0	2602	リニア・ジブリル	オース
64	0	2604	八大洞主黒龍轟瘴麒	゛○
64	0	2609	マキナ＝サナーレ	reiki
64	0	2616	ロズウェル=デューリング	アズ
64	0	2624	トゥトゥーニャ・アペアニカ	うさちぃ
64	0	2626	佐倉叉士郎尚継	犬
64	0	2636	パピヨン	AED
64	0	2637	壬生 月次	きうい
64	0	2638	楠木　勇人	りゅーご
64	0	2641	弓削 聖	いつき
64	0	2661	レイジ	灰色鶴
64	0	2668	ミザイア	ＫＩＲＹＵ
64	0	2670	キャラメル	ちゃりんりん
64	0	2672	ティムローム	siromuku
64	0	2673	スミレ	すみれ
64	0	2674	モカリッサ	るる
64	0	2677	キーエ・クルル	和芳
64	0	2679	ミルフィーユ	たぶん
64	0	2683	プラント・プランター	園芸部
64	0	2685	君田　夢野	夢見幻想
64	0	2693	ナイト・クラウン	青闇
64	0	2695	ディアーネ・フェルムーン	れおちー
64	0	2709	薊・メイザース	藍乃字
64	0	2711	ヌー	Keru
64	0	2713	アムフェイ	せーらむ
64	0	2721	黒犬	黒紅
64	0	2722	ユーシャ	ぽた
64	0	2723	サジハト・オヘヤ・ニーラレルカ	有希
64	0	2724	ラザイアウト	よーつー
64	0	2725	初瀬リコ	remly
64	0	2729	シャル・ツァガーン	東野
64	0	2731	リン・ヨー	umizuki
64	0	2735	甲斐風鈴	不人気
64	0	2737	狐鈴	錆わさび
64	0	2743	ノックス	クロムK
64	0	2745	パティ=スパニッシュ	川?´・д・）
64	0	2747	ミソース	Yutaro
64	0	2753	真壁 修一	Tubasa
64	0	2755	ミリス・ミラン	ミミ
64	0	2757	真神　ヴァル	ラグ
64	0	2758	ゴンβ゛	ゴン
64	0	2759	インソ＝ツーノセン＝セイ	インソ
64	0	2760	雪菜	蕩月
64	0	2761	ルティア・シャ・ノアール	メルティ
64	0	2768	エッダ・ファン・テスティモ	ぱん
64	0	2784	ギラン＝レイト	ヒトデナシ
64	0	2786	望月柚葵	柏木玲
64	0	2788	月宮伊万里	スロワー
64	0	2789	シオン・クラルティ	りと
64	0	2798	アゼリ・デ・セルー	タマ
64	0	2800	狼猫	人非獣
64	0	2801	ピピロ・ピピト	buastbuast
64	0	2802	イシュ・ラッカ・メオティウ	聖マルク
64	0	2803	ロザリウス	ロザリー
64	0	2812	クンシュロン	ネーター
64	0	2818	トルテ	あかみそ
64	0	2820	グババ・ナイツ	爺さん
64	0	2824	エブリディ・メイデン	青空
64	0	2826	サイクロ	目から
64	0	2830	放浪中の少年	まめもち
64	0	2840	ケル・サーベラス	MASA
64	0	2847	ソレイユドール	そも
64	0	2866	雪	ひよこ
64	0	2867	ドラム缶	金属的な何か
64	0	2869	ねずみ	ハハッ
64	0	2871	四足歩行の生命体	爬虫類
64	0	2872	ヴァージニア	荻
64	0	2874	瓏霞	春夏冬
64	0	2875	リオート・ベリウス・フィフス	朔
64	0	2876	汎用人型決戦兵器HA-28Mk-II	ささら
64	0	2883	バッフィー　〜白虎のはこまどうし〜	SBS
64	0	2885	モッツァレラ・Ｃ・チョコットー	天
64	0	2886	星　崇史	たかし
64	0	2890	ジュリ	ぱんだ
64	0	2891	FD	準備中なのよ
64	0	2894	灰内　千散	秋春
64	0	2895	芥菜ルリ	はりあ
64	0	2896	小柳　芳	ぽったん
64	0	2897	招蛇　	天然
64	0	2901	フーリロア・シェレン	比那名居の人
64	0	2902	かふりえる	かがさん
64	0	2909	シオン・アスター	夜海
64	0	2913	蒼羽	蒼い林檎
64	0	2918	大門太	ゆえち
64	0	2921	ヨセフ・リヒテンシュタイン	チェックメイト
64	0	2931	コーラル・リーフ	聖
64	0	2932	フェス・フォースタス	懐中しるこ
64	0	2937	エル	えび
64	0	2939	ルーア	きりのい
64	0	2941	メヌエモヤール	葡萄
64	0	2942	ラン・メイフリート	終末大好きお豆腐さん
64	0	2943	クロム＝クロフォード	モアイ
64	0	2947	シュテルさん	シュテルさん
64	0	2952	ナンツ・ラブ・テントリム	椎野
64	0	2954	ファフ・スーパーヘイトグラム	みあきん
64	0	2956	アリス・ロード	あさひ
64	0	2959	フェーレス・ウィリデ	やしお
64	0	2960	Raglice・Parker	Raglice
64	0	2963	オア	創作楽譜
64	0	2965	弥生　恭子	EIRINz
64	0	2967	ノルン	ひなたす
64	0	2968	風祭ナナ	sta29
64	0	2974	ジャック・マーフィー	nobi
64	0	2975	倉島月夜	PHP
64	0	2976	ガーランド	仮面の人
64	0	2979	希望を捨てた詩人	ヤイ
64	0	2980	ローウェン	くずもち。
64	0	2981	フェイリー	らんぷ
64	0	2983	紅月　紗奈	徹
64	0	2988	低血圧子	てーこ
64	0	2990	ディフォナ	みちゅ
64	0	2991	ギノ	ギノ
64	0	2992	さくや	さくや
64	0	2995	麝香	麝香
64	0	2996	アリア	琉
64	0	2997	花蓮火漣架	すいどう
64	0	2998	テグリア・フェイガー	春風
64	0	2999	ユティシオン・アーティ	ラリ子/今ンヌ
64	0	3001	ヴォルフラム	九龍
64	0	3002	安藤リドゥ	TTX
64	0	3005	ヴェルナー・ディットリヒ	むらさん
64	0	3007	フィン＝ポルタ＝クラーウィス	朧童子
64	0	3010	少女とトリ	あか
64	0	3013	ラピスラズリ	ジャム
64	0	3015	ちよこ	ハセ
64	0	3019	ヘリオドール・アスター	紙箱みど
64	0	3020	アラヤ・ハートブルーム	ゆぁ
64	0	3021	リョウガ　コクセイ	allen
64	0	3022	スクツ	すぷらっしゅ
64	0	3024	鬼桜 玉藻	音色
64	0	3026	千頭太	chizu
64	0	3027	ノームド	鏡水リト
64	0	3028	リゥ・メール・フロウ	nagare
64	0	3030	お嫁を探して三千里ガール	高島津諦
64	0	3031	ゲンセ	ＤＤＢ
64	0	3036	ちょこ	ちょこ
64	0	3037	ハイク	ジツ
64	0	3038	辛子	からし
64	0	3039	真っ赤なあれ	トスポ
64	0	3043	ウィスティリア・アイゼン	えび満月
64	0	3045	バアル	りぐ路
64	0	3046	フルミヤ	犬
64	0	3049	スエン	鯖
64	0	3055	歴戦のハゲ	みゅみゅろろ
64	0	3060	BROKEN GLASS	道化
64	0	3069	おとつあん	おとつ
64	0	3070	あかざる	aple
64	0	3076	zivir	sai
64	0	3079	Nero	ゆき
64	0	3080	フィーラ・N・シルフィード	月守玲
64	0	3082	イスト	ヒェア
64	0	3086	ファンキーリリィ	櫻葉
64	0	3091	ｗｗっうぇｗｗｗｗｗっうぇｗっうぇえｗｗ	UHO!
64	0	3092	マックス	Ｋ
64	0	3093	ディフェーネ	Hino
64	0	3094	穂村 茜	司水
64	0	3105	鳳駆	紅乱
64	0	3110	KAMUI	KAMUI
64	0	3117	ピート・ユグドル	フィルリオ
64	0	3120	ファニル・ズィ・エレアル	ぷにる
64	0	3123	ウトパラカ	れびん
64	0	3128	カイン	８番目。
64	0	3133	ルウ	西風
64	0	3135	レフィナード	蜂蜜飴
64	0	3137	セイルにゃんこ	tailtame
64	0	3139	猪原	猪原
64	0	3140	憂野	吉備川
64	0	3147	碧騎竜エヴァー	リージス
64	0	3149	エルネシア王国騎士団・蒼剣隊のヴァルレア	霧城水面
64	0	3151	【面】	ひぃとうぇーぶ
64	0	3152	如月　呉羽	如月
64	0	3159	Argent	狐井
64	0	3160	クーヤ	naya
64	0	3161	フィーネリア・エニア	もぢトキ
64	0	3162	一角獣の姫シグルーン	ぱんつたべるひと
64	0	3165	アイベリー	シナノゴールド
64	0	3167	きりやん	きりやん
64	0	3169	蒼天獣ラクレイル	らとん
64	0	3170	朋	tomo_tomo
64	0	3172	フロスト=ゼルトフルズ	竜飼い
64	0	3173	ナロック	リデラル
64	0	3174	山吹彩	青葉
64	0	3175	イスカ	台風
64	0	3176	シュウイツ	sa
64	0	3177	ヴィセンティーノ	ぷらんと
64	0	3178	白き月兎・星見みつき	ほしみつき
64	0	3179	川合・E・ハックレール	卜部卜伝
64	0	3181	七色・ウージ	りょすけ
64	0	3182	クレハラト	ぽいずん
64	0	3184	ラグ	コロッテ
64	0	3186	シュベルト＝デス＝アルトシュタール	さるとり豆腐
64	0	3187	大波夏海	otto
64	0	3188	キヨ・K・リザード	バニッシュ
64	0	3193	ウェル	なかのひとなどいない
64	0	3194	立居谷見珠	ニュートリノ人
64	0	3195	墓場太郎	hakaba
64	0	3200	ヴェルナハルト・コルネリウス	LYAnYAmO/.
64	0	3202	グラディウス	xs.
64	0	3204	月宮殿	太陽
64	0	3206	旅するチワワチェマ	うをのぞき
64	0	3208	メーレン・ギフト	わりばし
64	0	3210	ネコのようなもの	mow
64	0	3211	ソニア・シャルトルーズ	鳥海風佳
64	0	3213	初代の神羅	神羅（3213）背後
64	0	3214	ミミル＝エイレン・アーカーム	クローミィ
64	0	3215	Nussy	ohNussy
64	0	3216	眠れる邪眼	エス
64	0	3219	ジャスティス・ハイビレッジ	XYZ556
64	0	3220	名無しの片眼少年	コトダマ
64	0	3221	ギルバート	ガーネット
64	0	3223	ファレル・オルグレン	モブ
64	0	3224	クラーロ	うずたま
64	0	3228	マルクス＝マクシミリアン	Ru
64	0	3229	ラズドレシア	HAL
64	0	3231	リリク	螢
64	0	3233	ニコール＝ジングルベル	圭
64	0	3234	彩稀	彩稀
64	0	3236	宮比神フリード	楠木たすく
64	0	3237	虚ろのつるはし	ふたやみテルキ
64	0	3238	メアローズ	TKN
64	0	3240	エンドゥミナ	ハンディス
64	0	3242	リアン	オツドラ
64	0	3243	じんかちゃん	じんかちゃん
64	0	3244	レディ・ドリーム	すだち
64	0	3245	カドワ・オタル	加糖
64	0	3246	1341(いざよい)	1341
64	0	3247	風宮 空狐	空狐
64	0	3248	望月友紀	ファルク
64	0	3249	堂　加那	桐鮫
64	0	3250	ヤング・モロコシ	モロコシ
64	0	3251	謳う者ぴょん	謳う者ぴょん
64	0	3253	修理屋さん	まち
64	0	3254	朔対 良彰	散鐘
64	0	3255	焔砕きのフェクダ	ふっしー
64	0	3256	天	ぶよまる
64	0	3258	ルナメス	toshobuin
