result_no	generate_no	party_no	is_boss	enemy_party_name_id	member_num	enemy_names	
53	0	1	0	98	4	,マンドレイク,五芒,マンドレイク,ギンコヌス,
53	0	2	0	98	3	,ビッグスライム,ビッグスライム,ボカナーフ,
53	0	3	0	98	5	,クーニアック,カグツチ,フェンリル,カグツチ,シニス,
53	0	4	0	98	6	,シニス,シニス,クーニアック,シニス,クーニアック,カグツチ,
53	0	5	0	98	8	,スレイグッド,シニス,カグツチ,スレイグッド,カグツチ,クーニアック,シニス,クーニアック,
53	0	7	0	98	9	,女禍,ゴリニチ,女禍,ゴリニチ,ゴリニチ,タラン,タラン,タラン,シトラリクエ,
53	0	8	0	98	6	,ニクール,マルシュアス,キレインクロイン,ニクール,マルシュアス,ニクール,
53	0	9	0	98	8	,シトラリクエ,タラン,タラン,タラン,タラン,シトラリクエ,シトラリクエ,女禍,
53	0	10	0	98	6	,ゴリニチ,ムニン,サーラメーヤ,ムニン,ムニン,ムニン,
53	0	11	0	98	8	,クーニアック,シニス,カグツチ,クーニアック,シニス,クーニアック,フェンリル,クーニアック,
53	0	12	0	98	9	,カグツチ,カグツチ,クーニアック,カグツチ,シニス,カグツチ,シニス,スレイグッド,シニス,
53	0	13	0	98	8	,タラン,シトラリクエ,シトラリクエ,ムニン,シトラリクエ,ゴリニチ,シトラリクエ,ムニン,
53	0	16	0	98	8	,ムニン,タラン,シトラリクエ,ムニン,ゴリニチ,ゴリニチ,シトラリクエ,ゴリニチ,
53	0	17	1	774	1	,紅玉のベルフィ,
53	0	19	0	98	8	,ムニン,タラン,シトラリクエ,タラン,シトラリクエ,シトラリクエ,シトラリクエ,シトラリクエ,
53	0	20	0	98	9	,スレイグッド,スレイグッド,クーニアック,シニス,スレイグッド,カグツチ,スレイグッド,シニス,カグツチ,
53	0	23	1	833	1	,新王パラダイス,
53	0	24	0	98	7	,シニス,シニス,フェンリル,シニス,フェンリル,シニス,トルク,
53	0	25	0	98	4	,アニス,スパンキー,アニス,ムニン,
53	0	27	0	98	3	,ゴリニチ,ゴリニチ,アニス,
53	0	28	0	98	9	,シトラリクエ,シトラリクエ,ゴリニチ,タラン,タラン,ゴリニチ,タラン,女禍,タラン,
53	0	30	0	98	1	,ビッグスライム,
53	0	32	0	98	6	,ムニン,サーラメーヤ,サーラメーヤ,サーラメーヤ,ゴリニチ,ゴリニチ,
53	0	33	0	98	9	,タラン,タラン,ゴリニチ,女禍,女禍,シトラリクエ,ゴリニチ,タラン,シトラリクエ,
53	0	36	0	98	2	,グダナ,グダナ,
53	0	37	0	98	6	,ムニン,ムニン,ゴリニチ,ゴリニチ,ゴリニチ,ムニン,
53	0	38	0	98	7	,マダ,キジムナー,キジムナー,キネピクワ,キジムナー,マダ,ワキニャン,
53	0	39	1	725	4	,フリューギル,ブラックドラゴン,シルバードラゴン,ホワイトドラゴン,
53	0	42	0	98	9	,シトラリクエ,ゴリニチ,女禍,女禍,ゴリニチ,タラン,タラン,シトラリクエ,タラン,
53	0	43	0	98	8	,五芒,マンドレイク,ギンコヌス,ギンコヌス,アップルツリーマン,五芒,五芒,ギンコヌス,
53	0	44	0	98	8	,フェンリル,クーニアック,シニス,シニス,カグツチ,カグツチ,クーニアック,フェンリル,
53	0	46	0	98	5	,エント,ガロクウズウィス,ジーラッハ,エント,ライジュウ,
53	0	47	0	98	7	,クーニアック,カグツチ,シニス,シニス,シニス,カグツチ,スレイグッド,
53	0	48	1	646	1	,黒騎士,
53	0	49	0	98	4	,ゴリニチ,サーラメーヤ,タラン,タラン,
53	0	50	0	98	7	,アムドゥシアス,アシパトラ,カリグレーハウンド,アムドゥシアス,アムドゥシアス,アシパトラ,カリグレーハウンド,
53	0	52	0	98	4	,グリフォン,九尾,トルク,グリフォン,
53	0	54	0	98	8	,クーニアック,フェンリル,カグツチ,カグツチ,シニス,カグツチ,フェンリル,フェンリル,
53	0	55	0	98	8	,クーニアック,クーニアック,スレイグッド,クーニアック,クーニアック,シニス,スレイグッド,カグツチ,
53	0	57	0	98	3	,アニス,サーラメーヤ,サーラメーヤ,
53	0	58	0	98	6	,ゴリニチ,タラン,ムニン,ムニン,ムニン,サーラメーヤ,
53	0	59	0	98	1	,ビッグスライム,
53	0	63	0	98	4	,グリフォン,トルク,グリフォン,グリフォン,
53	0	66	0	98	6	,ハイタースプライト,キネピクワ,ワキニャン,ハイタースプライト,キネピクワ,ハイタースプライト,
53	0	67	0	98	6	,スレイグッド,スレイグッド,スレイグッド,クーニアック,スレイグッド,シニス,
53	0	68	0	98	6	,シトラリクエ,シトラリクエ,シトラリクエ,タラン,ゴリニチ,シトラリクエ,
53	0	70	0	98	8	,アムドゥシアス,アシパトラ,カリグレーハウンド,アムドゥシアス,グーグー,アシパトラ,カリグレーハウンド,アムドゥシアス,
53	0	71	0	98	8	,キヨヒメ,ハイタースプライト,フレイムゴースト,キヨヒメ,フレイムゴースト,ハイタースプライト,バステト,キヨヒメ,
53	0	72	1	833	1	,新王パラダイス,
53	0	73	1	725	4	,フリューギル,ブラックドラゴン,シルバードラゴン,ホワイトドラゴン,
53	0	75	0	98	7	,カグツチ,フェンリル,フェンリル,クーニアック,カグツチ,カグツチ,クーニアック,
53	0	78	0	98	6	,ゴリニチ,シトラリクエ,ゴリニチ,ムニン,ゴリニチ,シトラリクエ,
53	0	79	0	98	8	,フェンリル,クーニアック,フェンリル,クーニアック,クーニアック,フェンリル,カグツチ,シニス,
53	0	80	0	98	2	,トルク,フェンリル,
53	0	81	0	98	8	,シニス,カグツチ,カグツチ,フェンリル,クーニアック,シニス,フェンリル,シニス,
53	0	86	0	98	5	,マンドレイク,マンドレイク,マンドレイク,アップルツリーマン,マンドレイク,
53	0	87	0	98	9	,スレイグッド,カグツチ,クーニアック,スレイグッド,クーニアック,カグツチ,スレイグッド,カグツチ,クーニアック,
53	0	89	0	98	8	,アムドゥシアス,グーグー,グーグー,アムドゥシアス,グーグー,アシパトラ,酒呑童子,アムドゥシアス,
53	0	90	0	98	8	,ライジュウ,ライジュウ,ナナナキ,スヴァラ,ライジュウ,ナナナキ,ライジュウ,ライジュウ,
53	0	92	0	98	1	,グダナ,
53	0	94	0	98	9	,スレイグッド,シニス,シニス,スレイグッド,クーニアック,シニス,スレイグッド,カグツチ,スレイグッド,
53	0	97	0	98	6	,クーニアック,クーニアック,カグツチ,クーニアック,フェンリル,フェンリル,
53	0	98	0	98	5	,ニクール,キレインクロイン,ニクール,マルシュアス,マルシュアス,
53	0	99	0	98	9	,ゴリニチ,シトラリクエ,ゴリニチ,シトラリクエ,タラン,ゴリニチ,シトラリクエ,シトラリクエ,女禍,
53	0	101	0	98	1	,ビッグスライム,
53	0	104	0	98	7	,カグツチ,カグツチ,シニス,カグツチ,クーニアック,カグツチ,クーニアック,
53	0	106	0	98	1	,ボカナーフ,
53	0	108	1	646	1	,黒騎士,
53	0	109	0	98	4	,スパンキー,ドラゴンメイド,スパンキー,スパンキー,
53	0	110	0	98	4	,ライジュウ,ガロクウズウィス,スヴァラ,ナナナキ,
53	0	111	0	98	3	,サーラメーヤ,サーラメーヤ,アニス,
53	0	112	0	98	8	,カグツチ,カグツチ,シニス,フェンリル,カグツチ,シニス,クーニアック,カグツチ,
53	0	113	0	98	4	,ガロクウズウィス,ベンヌ,ジーラッハ,エント,
53	0	114	0	98	1	,グダナ,
53	0	115	0	98	5	,酒呑童子,ビッグスライム,酒呑童子,ビッグスライム,ビッグスライム,
53	0	116	1	576	4	,レッドベリルフェアリー,アイオライトフェアリー,チャロアイトフェアリー,スフェーンフェアリー,
53	0	117	0	98	4	,スパンキー,スパンキー,スパンキー,アニス,
53	0	121	0	98	4	,アニス,サーラメーヤ,サーラメーヤ,アニス,
53	0	122	1	858	1	,魔神ベルフィ,
53	0	129	1	774	1	,紅玉のベルフィ,
53	0	130	0	98	8	,ナナナキ,ナナナキ,スヴァラ,ナナナキ,ライジュウ,キュベレ,ナナナキ,ナナナキ,
53	0	131	0	98	7	,ムニン,ゴリニチ,タラン,ゴリニチ,ゴリニチ,ゴリニチ,ゴリニチ,
53	0	132	0	98	8	,ムニン,タラン,タラン,タラン,タラン,ムニン,タラン,タラン,
53	0	133	1	774	1	,紅玉のベルフィ,
53	0	134	0	98	1	,グダナ,
53	0	138	0	98	8	,ゴリニチ,ムニン,ゴリニチ,シトラリクエ,ゴリニチ,タラン,シトラリクエ,シトラリクエ,
53	0	139	1	858	1	,魔神ベルフィ,
53	0	145	0	98	9	,女禍,ゴリニチ,ゴリニチ,ゴリニチ,シトラリクエ,ゴリニチ,女禍,ゴリニチ,タラン,
53	0	147	1	774	1	,紅玉のベルフィ,
53	0	148	0	98	7	,ライジュウ,キュベレ,スヴァラ,ナナナキ,ナナナキ,ライジュウ,ライジュウ,
53	0	149	1	725	4	,フリューギル,ブラックドラゴン,シルバードラゴン,ホワイトドラゴン,
53	0	150	0	98	9	,スレイグッド,クーニアック,シニス,カグツチ,シニス,カグツチ,カグツチ,カグツチ,シニス,
53	0	153	0	98	9	,五芒,五芒,五芒,フルーツドラゴン,ギンコヌス,フルーツドラゴン,五芒,アップルツリーマン,アップルツリーマン,
53	0	154	0	98	4	,デーヴ,トルク,グリフォン,トルク,
53	0	155	0	98	5	,ジーラッハ,ガロクウズウィス,ライジュウ,ライジュウ,エント,
53	0	156	0	98	9	,シニス,カグツチ,クーニアック,スレイグッド,クーニアック,カグツチ,スレイグッド,クーニアック,クーニアック,
53	0	157	0	98	9	,シトラリクエ,女禍,ゴリニチ,タラン,女禍,ゴリニチ,タラン,タラン,女禍,
53	0	158	0	98	3	,クーニアック,グリフォン,フェンリル,
53	0	159	0	98	2	,ムニン,ムニン,
53	0	160	1	774	1	,紅玉のベルフィ,
53	0	161	1	374	2	,ドロワ,リーゼロッテ,
53	0	162	0	98	5	,クーニアック,カグツチ,シニス,クーニアック,シニス,
53	0	163	0	98	7	,タラン,シトラリクエ,タラン,シトラリクエ,タラン,ゴリニチ,ムニン,
53	0	164	0	98	7	,タラン,ムニン,サーラメーヤ,タラン,タラン,サーラメーヤ,ムニン,
53	0	170	0	98	1	,トルク,
53	0	173	0	98	9	,女禍,シトラリクエ,ゴリニチ,シトラリクエ,ゴリニチ,タラン,女禍,タラン,ゴリニチ,
53	0	174	1	725	4	,フリューギル,ブラックドラゴン,シルバードラゴン,ホワイトドラゴン,
53	0	179	0	98	4	,グダナ,アシパトラ,グダナ,アシパトラ,
53	0	183	0	98	6	,五芒,マンドレイク,ギンコヌス,アップルツリーマン,ギンコヌス,五芒,
53	0	184	1	576	4	,レッドベリルフェアリー,アイオライトフェアリー,チャロアイトフェアリー,スフェーンフェアリー,
53	0	185	0	98	8	,ハイタースプライト,キヨヒメ,キヨヒメ,フレイムゴースト,バステト,キヨヒメ,フレイムゴースト,ハイタースプライト,
53	0	186	0	98	5	,エント,ライジュウ,ジーラッハ,エント,ライジュウ,
53	0	189	0	98	1	,カリフラワーム,
53	0	191	0	98	8	,ゴリニチ,タラン,シトラリクエ,ゴリニチ,ムニン,シトラリクエ,シトラリクエ,タラン,
53	0	192	0	98	6	,スレイグッド,クーニアック,スレイグッド,スレイグッド,クーニアック,カグツチ,
53	0	196	0	98	6	,タラン,タラン,シトラリクエ,ゴリニチ,女禍,女禍,
53	0	197	0	98	6	,グダナ,グーグー,グダナ,グダナ,グダナ,ボカナーフ,
53	0	200	0	98	7	,スレイグッド,クーニアック,シニス,スレイグッド,カグツチ,シニス,シニス,
53	0	201	0	98	2	,フェンリル,九尾,
53	0	204	0	98	5	,ゴリニチ,サーラメーヤ,ムニン,サーラメーヤ,アニス,
53	0	209	0	98	6	,五芒,アップルツリーマン,マンドレイク,ギンコヌス,アップルツリーマン,アップルツリーマン,
53	0	210	0	98	6	,ギンコヌス,五芒,アップルツリーマン,五芒,アップルツリーマン,ギンコヌス,
53	0	212	1	211	2	,ブランチマン,庭ガール,
53	0	217	1	755	1	,兇才のアヴィド,
53	0	221	1	283	7	,冥暗のラズロ,デュラハン,デュラハン,デュラハン,バンシー,バンシー,バンシー,
53	0	222	0	98	9	,シニス,シニス,スレイグッド,シニス,カグツチ,スレイグッド,カグツチ,シニス,シニス,
53	0	223	0	98	9	,バステト,キュノプロソピ,ハイタースプライト,バステト,フレイムゴースト,キュノプロソピ,フレイムゴースト,キュノプロソピ,キュノプロソピ,
53	0	225	0	98	8	,シニス,スレイグッド,シニス,カグツチ,シニス,カグツチ,カグツチ,スレイグッド,
53	0	226	0	98	3	,ゴリニチ,ムニン,サーラメーヤ,
53	0	228	0	98	9	,女禍,女禍,女禍,タラン,女禍,シトラリクエ,タラン,女禍,女禍,
53	0	232	0	98	1	,マルシュアス,
53	0	234	0	98	9	,スレイグッド,シニス,シニス,カグツチ,カグツチ,シニス,カグツチ,クーニアック,シニス,
53	0	235	0	98	9	,ゴリニチ,シトラリクエ,ゴリニチ,女禍,女禍,女禍,女禍,タラン,シトラリクエ,
53	0	236	0	98	4	,サーラメーヤ,アニス,サーラメーヤ,ムニン,
53	0	237	1	641	5	,アーマーコング,アーマーコング,アーマーコング,アーマーコング,イヴァ,
53	0	240	1	535	4	,マルクス,メイド長,キューティーメイド,キューティーメイド,
53	0	242	0	98	9	,カグツチ,スレイグッド,クーニアック,スレイグッド,スレイグッド,クーニアック,スレイグッド,カグツチ,クーニアック,
53	0	243	0	98	6	,五芒,ギンコヌス,アップルツリーマン,五芒,フルーツドラゴン,フルーツドラゴン,
53	0	244	1	540	4	,フォルシュ,クローンゴレム,クローンエンジェル,クローンアニマ,
53	0	245	1	535	10	,マルクス,メイド長,キューティーメイド,キューティーメイド,キューティーメイド,キューティーメイド,キューティーメイド,キューティーメイド,キューティーメイド,キューティーメイド,
53	0	246	0	98	4	,サーラメーヤ,ムニン,サーラメーヤ,ゴリニチ,
53	0	247	0	98	4	,ボカナーフ,ビッグスライム,グダナ,ウグジュクナーパク,
53	0	248	1	380	2	,フロラ,ダイゴ,
53	0	251	0	98	5	,トルク,フェンリル,トルク,九尾,九尾,
53	0	253	0	98	9	,クーニアック,シニス,スレイグッド,クーニアック,カグツチ,スレイグッド,スレイグッド,カグツチ,シニス,
53	0	255	0	98	1	,グダナ,
53	0	256	0	98	8	,キュベレ,ナナナキ,スヴァラ,ライジュウ,キュベレ,スヴァラ,キュベレ,ライジュウ,
53	0	260	0	98	7	,シトラリクエ,ゴリニチ,シトラリクエ,ムニン,タラン,ゴリニチ,ムニン,
53	0	264	0	98	5	,グリフォン,トルク,トルク,九尾,九尾,
53	0	269	0	98	8	,カグツチ,クーニアック,シニス,カグツチ,カグツチ,スレイグッド,カグツチ,クーニアック,
53	0	273	0	98	1	,ビッグスライム,
53	0	274	0	98	7	,アップルツリーマン,五芒,五芒,五芒,アップルツリーマン,フルーツドラゴン,アップルツリーマン,
53	0	276	0	98	4	,九尾,トルク,トルク,トルク,
53	0	277	0	98	3	,ベンヌ,ジーラッハ,ガロクウズウィス,
53	0	283	0	98	7	,ムニン,ゴリニチ,ゴリニチ,タラン,ゴリニチ,ゴリニチ,ゴリニチ,
53	0	286	0	98	8	,フェンリル,カグツチ,シニス,クーニアック,クーニアック,フェンリル,フェンリル,シニス,
53	0	290	0	98	8	,フェンリル,シニス,シニス,カグツチ,シニス,シニス,カグツチ,クーニアック,
53	0	297	0	98	4	,アニス,ムニン,サーラメーヤ,スパンキー,
53	0	301	0	98	3	,カプリコーン,ニクール,カプリコーン,
53	0	308	0	98	1	,グダナ,
53	0	309	1	833	1	,新王パラダイス,
53	0	311	1	725	4	,フリューギル,ブラックドラゴン,シルバードラゴン,ホワイトドラゴン,
53	0	313	0	98	6	,ドゥナマラ,ドゥナマラ,キレインクロイン,ドゥナマラ,ニクール,ドゥナマラ,
53	0	314	0	98	6	,フェンリル,クーニアック,トルク,フェンリル,クーニアック,グリフォン,
53	0	315	0	98	3	,アニス,ゴリニチ,アニス,
53	0	317	1	576	4	,レッドベリルフェアリー,アイオライトフェアリー,チャロアイトフェアリー,スフェーンフェアリー,
53	0	318	0	98	2	,ニクール,ニクール,
53	0	321	1	833	1	,新王パラダイス,
53	0	323	0	98	2	,グランガッチ,カプリコーン,
53	0	325	0	98	7	,カグツチ,フェンリル,フェンリル,シニス,シニス,シニス,フェンリル,
53	0	327	0	98	7	,アムドゥシアス,アムドゥシアス,カリグレーハウンド,アシパトラ,アムドゥシアス,アムドゥシアス,カリグレーハウンド,
53	0	330	0	98	8	,タラン,シトラリクエ,女禍,ゴリニチ,ゴリニチ,タラン,シトラリクエ,シトラリクエ,
53	0	334	0	98	2	,ドラゴンメイド,サーラメーヤ,
53	0	335	0	98	8	,五芒,五芒,フルーツドラゴン,アップルツリーマン,五芒,ギンコヌス,フルーツドラゴン,ギンコヌス,
53	0	337	0	98	2	,フェンリル,フェンリル,
53	0	339	0	98	6	,ダルハム,ダルハム,スワムフィスク,ヴィーナス,ヴィーナス,ダルハム,
53	0	340	1	576	4	,レッドベリルフェアリー,アイオライトフェアリー,チャロアイトフェアリー,スフェーンフェアリー,
53	0	344	0	98	4	,ニクール,マルシュアス,カプリコーン,キレインクロイン,
53	0	348	1	211	2	,ブランチマン,庭ガール,
53	0	349	1	641	5	,アーマーコング,アーマーコング,アーマーコング,アーマーコング,イヴァ,
53	0	354	0	98	1	,デーヴ,
53	0	365	0	98	1	,ビッグスライム,
53	0	367	0	98	4	,ウグジュクナーパク,ウグジュクナーパク,ボカナーフ,ビッグスライム,
53	0	368	0	98	6	,ギンコヌス,フルーツドラゴン,五芒,アップルツリーマン,ギンコヌス,アップルツリーマン,
53	0	369	0	98	9	,スワムフィスク,ドゥナマラ,ダルハム,スワムフィスク,ダルハム,ヴィーナス,スワムフィスク,ダルハム,ダルハム,
53	0	376	0	98	8	,アシパトラ,酒呑童子,アシパトラ,アムドゥシアス,グーグー,アシパトラ,グーグー,アムドゥシアス,
53	0	379	0	98	7	,ゴリニチ,ゴリニチ,サーラメーヤ,ムニン,サーラメーヤ,ムニン,タラン,
53	0	380	0	98	8	,シニス,フェンリル,フェンリル,カグツチ,カグツチ,フェンリル,クーニアック,シニス,
53	0	381	0	98	2	,マルシュアス,ニクール,
53	0	384	0	98	7	,五芒,五芒,ギンコヌス,アップルツリーマン,ギンコヌス,ギンコヌス,ギンコヌス,
53	0	389	0	98	6	,フレイムゴースト,フレイムゴースト,ハイタースプライト,フレイムゴースト,フレイムゴースト,キネピクワ,
53	0	392	0	98	7	,シトラリクエ,タラン,シトラリクエ,ムニン,シトラリクエ,ゴリニチ,ムニン,
53	0	393	0	98	9	,アムドゥシアス,カリグレーハウンド,グーグー,カリグレーハウンド,アムドゥシアス,アムドゥシアス,アムドゥシアス,カリグレーハウンド,アムドゥシアス,
53	0	394	0	98	4	,グランガッチ,マルシュアス,ニクール,マルシュアス,
53	0	396	0	98	2	,マダ,ワキニャン,
53	0	399	0	98	6	,シニス,スレイグッド,スレイグッド,クーニアック,クーニアック,シニス,
53	0	400	0	98	8	,クーニアック,クーニアック,クーニアック,シニス,カグツチ,フェンリル,クーニアック,クーニアック,
53	0	403	0	98	6	,スレイグッド,スレイグッド,スレイグッド,カグツチ,カグツチ,シニス,
53	0	406	0	98	2	,ドラゴンメイド,サーラメーヤ,
53	0	410	0	98	1	,グダナ,
53	0	411	0	98	5	,九尾,トルク,九尾,フェンリル,トルク,
53	0	412	0	98	2	,キジムナー,キヨヒメ,
53	0	413	0	98	5	,ライジュウ,ナナナキ,スヴァラ,ライジュウ,ナナナキ,
53	0	414	0	98	8	,ダルハム,ヴィーナス,ヴィーナス,ヴィーナス,ドゥナマラ,キレインクロイン,ドゥナマラ,ダルハム,
53	0	419	1	646	1	,黒騎士,
53	0	420	0	98	6	,ムニン,サーラメーヤ,ゴリニチ,ゴリニチ,タラン,ムニン,
53	0	421	0	98	1	,エント,
53	0	422	0	98	9	,クーニアック,スレイグッド,シニス,カグツチ,スレイグッド,スレイグッド,シニス,スレイグッド,シニス,
53	0	425	0	98	1	,スパンキー,
53	0	427	0	98	4	,キネピクワ,ワキニャン,キヨヒメ,キヨヒメ,
53	0	432	0	98	7	,シニス,スレイグッド,カグツチ,クーニアック,スレイグッド,クーニアック,シニス,
53	0	433	0	98	2	,ワキニャン,キヨヒメ,
53	0	434	0	98	6	,フルーツドラゴン,ギンコヌス,五芒,五芒,ギンコヌス,五芒,
53	0	435	1	641	5	,アーマーコング,アーマーコング,アーマーコング,アーマーコング,イヴァ,
53	0	436	0	98	6	,スレイグッド,カグツチ,シニス,カグツチ,スレイグッド,スレイグッド,
53	0	437	1	607	7	,双迅のラケルト,重騎兵,重騎兵,重騎兵,魔砲兵,魔砲兵,魔砲兵,
53	0	439	1	607	7	,双迅のラケルト,重騎兵,重騎兵,重騎兵,魔砲兵,魔砲兵,魔砲兵,
53	0	442	1	833	1	,新王パラダイス,
53	0	443	0	98	2	,カリフラワーム,カリフラワーム,
53	0	445	0	98	7	,ムニン,シトラリクエ,ゴリニチ,シトラリクエ,ムニン,ムニン,ゴリニチ,
53	0	451	1	535	6	,マルクス,メイド長,キューティーメイド,キューティーメイド,キューティーメイド,キューティーメイド,
53	0	453	0	98	7	,ゴリニチ,サーラメーヤ,サーラメーヤ,タラン,ムニン,タラン,サーラメーヤ,
53	0	455	0	98	5	,アシパトラ,グーグー,アシパトラ,アシパトラ,グーグー,
53	0	463	0	98	7	,マンドレイク,マンドレイク,五芒,オオカブ,オオカブ,五芒,ギンコヌス,
53	0	464	0	98	6	,キヨヒメ,ハイタースプライト,ハイタースプライト,ワキニャン,ハイタースプライト,ハイタースプライト,
53	0	467	0	98	6	,キレインクロイン,ニクール,ドゥナマラ,キレインクロイン,ニクール,ダルハム,
53	0	470	0	98	7	,フェンリル,シニス,カグツチ,フェンリル,カグツチ,シニス,シニス,
53	0	473	0	98	4	,ジーラッハ,スヴァラ,ライジュウ,ジーラッハ,
53	0	482	1	382	1	,イルヤナ,
53	0	493	0	98	1	,スパンキー,
53	0	494	0	98	7	,クーニアック,クーニアック,シニス,クーニアック,クーニアック,カグツチ,カグツチ,
53	0	496	0	98	8	,クーニアック,クーニアック,カグツチ,クーニアック,スレイグッド,カグツチ,スレイグッド,クーニアック,
53	0	497	1	774	1	,紅玉のベルフィ,
53	0	504	0	98	4	,ゴリニチ,ムニン,ゴリニチ,サーラメーヤ,
53	0	512	0	98	5	,ゴリニチ,サーラメーヤ,サーラメーヤ,アニス,サーラメーヤ,
53	0	523	0	98	8	,ゴリニチ,シトラリクエ,シトラリクエ,女禍,ゴリニチ,シトラリクエ,タラン,女禍,
53	0	524	0	98	5	,ナナナキ,ライジュウ,スヴァラ,スヴァラ,ナナナキ,
53	0	525	0	98	4	,ガロクウズウィス,エント,ジーラッハ,ベンヌ,
53	0	527	0	98	7	,シトラリクエ,女禍,女禍,女禍,シトラリクエ,ゴリニチ,ゴリニチ,
53	0	528	1	646	1	,黒騎士,
53	0	529	0	98	4	,ボカナーフ,ウグジュクナーパク,ボカナーフ,ボカナーフ,
53	0	533	0	98	6	,タラン,ムニン,シトラリクエ,ムニン,ゴリニチ,ゴリニチ,
53	0	542	0	98	3	,ニクール,マルシュアス,ニクール,
53	0	552	1	370	1	,ヴァルキリー,
53	0	558	1	374	2	,ドロワ,リーゼロッテ,
53	0	560	0	98	8	,ハイタースプライト,キヨヒメ,フレイムゴースト,フレイムゴースト,ハイタースプライト,ハイタースプライト,バステト,フレイムゴースト,
53	0	564	0	98	4	,九尾,グリフォン,グリフォン,九尾,
53	0	565	1	833	1	,新王パラダイス,
53	0	570	0	98	3	,ゴリニチ,ムニン,サーラメーヤ,
53	0	575	0	98	2	,マルシュアス,マルシュアス,
53	0	582	0	98	6	,五芒,ギンコヌス,五芒,五芒,マンドレイク,ギンコヌス,
53	0	583	0	98	1	,ボカナーフ,
53	0	587	0	98	8	,キュベレ,ライジュウ,ナナナキ,ナナナキ,キュベレ,ナナナキ,スヴァラ,ライジュウ,
53	0	588	0	98	5	,ダルハム,キレインクロイン,ダルハム,ヴィーナス,ドゥナマラ,
53	0	589	0	98	1	,ウグジュクナーパク,
53	0	593	0	98	1	,グダナ,
53	0	600	1	646	1	,黒騎士,
53	0	603	0	98	1	,ウグジュクナーパク,
53	0	604	0	98	1	,グランガッチ,
53	0	605	0	98	9	,フルーツドラゴン,ギンコヌス,五芒,フルーツドラゴン,ギンコヌス,五芒,五芒,フルーツドラゴン,フルーツドラゴン,
53	0	612	0	98	7	,タラン,ゴリニチ,ゴリニチ,ゴリニチ,女禍,ゴリニチ,ゴリニチ,
53	0	614	0	98	6	,フルーツドラゴン,フルーツドラゴン,ギンコヌス,アップルツリーマン,五芒,アップルツリーマン,
53	0	616	0	98	1	,ボカナーフ,
53	0	617	0	98	8	,タラン,シトラリクエ,ゴリニチ,ゴリニチ,女禍,女禍,ゴリニチ,ゴリニチ,
53	0	623	0	98	4	,スヴァラ,ジーラッハ,スヴァラ,ライジュウ,
53	0	624	0	98	4	,グダナ,ボカナーフ,グーグー,グーグー,
53	0	629	0	98	1	,ボカナーフ,
53	0	641	0	98	1	,マダ,
53	0	642	0	98	1	,ボカナーフ,
53	0	650	1	465	1	,ノーライフキング,
53	0	655	0	98	4	,フェンリル,クーニアック,グリフォン,クーニアック,
53	0	656	0	98	8	,フェンリル,シニス,クーニアック,シニス,シニス,フェンリル,フェンリル,フェンリル,
53	0	661	0	98	6	,アシパトラ,カリグレーハウンド,カリグレーハウンド,アムドゥシアス,アシパトラ,アシパトラ,
53	0	662	0	98	8	,タラン,ゴリニチ,女禍,シトラリクエ,シトラリクエ,ゴリニチ,シトラリクエ,シトラリクエ,
53	0	667	0	98	9	,カグツチ,クーニアック,カグツチ,クーニアック,シニス,シニス,スレイグッド,カグツチ,スレイグッド,
53	0	669	0	98	5	,ジーラッハ,ライジュウ,ガロクウズウィス,ガロクウズウィス,ジーラッハ,
53	0	674	1	725	4	,フリューギル,ブラックドラゴン,シルバードラゴン,ホワイトドラゴン,
53	0	677	0	98	3	,サーラメーヤ,スパンキー,アニス,
53	0	678	0	98	4	,ムニン,スパンキー,サーラメーヤ,サーラメーヤ,
53	0	685	0	98	3	,ジーラッハ,エント,ベンヌ,
53	0	686	0	98	5	,ゴリニチ,ゴリニチ,シトラリクエ,タラン,シトラリクエ,
53	0	687	1	833	1	,新王パラダイス,
53	0	694	0	98	3	,ビッグスライム,グダナ,ボカナーフ,
53	0	696	0	98	6	,フェンリル,フェンリル,シニス,クーニアック,フェンリル,カグツチ,
53	0	697	1	725	4	,フリューギル,ブラックドラゴン,シルバードラゴン,ホワイトドラゴン,
53	0	703	0	98	2	,ムニン,スパンキー,
53	0	704	1	646	1	,黒騎士,
53	0	707	0	98	5	,グダナ,酒呑童子,酒呑童子,ボカナーフ,ビッグスライム,
53	0	709	0	98	3	,グリフォン,九尾,フェンリル,
53	0	710	0	98	7	,トルク,フェンリル,クーニアック,シニス,シニス,トルク,シニス,
53	0	713	0	98	6	,ライジュウ,スヴァラ,スヴァラ,スヴァラ,ジーラッハ,ジーラッハ,
53	0	716	0	98	1	,ガロクウズウィス,
53	0	718	0	98	2	,マルシュアス,グランガッチ,
53	0	723	0	98	3	,ライジュウ,ジーラッハ,ガロクウズウィス,
53	0	724	0	98	7	,シトラリクエ,ゴリニチ,ムニン,ムニン,タラン,タラン,ゴリニチ,
53	0	726	0	98	3	,ライジュウ,ガロクウズウィス,ジーラッハ,
53	0	732	0	98	4	,グダナ,グダナ,酒呑童子,アシパトラ,
53	0	734	0	98	1	,ボカナーフ,
53	0	736	1	607	13	,双迅のラケルト,重騎兵,重騎兵,重騎兵,重騎兵,重騎兵,重騎兵,魔砲兵,魔砲兵,魔砲兵,魔砲兵,魔砲兵,魔砲兵,
53	0	739	0	98	6	,カグツチ,スレイグッド,カグツチ,シニス,クーニアック,カグツチ,
53	0	744	0	98	6	,ヴィーナス,ダルハム,ダルハム,キレインクロイン,ヴィーナス,ダルハム,
53	0	745	0	98	2	,ニクール,マルシュアス,
53	0	747	0	98	8	,フェンリル,クーニアック,フェンリル,クーニアック,カグツチ,カグツチ,フェンリル,シニス,
53	0	761	0	98	4	,グランガッチ,カプリコーン,グランガッチ,マルシュアス,
53	0	769	0	98	3	,酒呑童子,ビッグスライム,グダナ,
53	0	772	0	98	2	,ビッグスライム,ウグジュクナーパク,
53	0	773	0	98	6	,クーニアック,トルク,グリフォン,クーニアック,トルク,クーニアック,
53	0	775	0	98	8	,タラン,タラン,ムニン,ムニン,シトラリクエ,ゴリニチ,タラン,タラン,
53	0	777	1	576	4	,レッドベリルフェアリー,アイオライトフェアリー,チャロアイトフェアリー,スフェーンフェアリー,
53	0	778	0	98	2	,キレインクロイン,キレインクロイン,
53	0	779	0	98	6	,キレインクロイン,ダルハム,キレインクロイン,ニクール,ダルハム,ダルハム,
53	0	780	0	98	2	,サーラメーヤ,ムニン,
53	0	783	1	833	1	,新王パラダイス,
53	0	785	0	98	3	,グダナ,ボカナーフ,ビッグスライム,
53	0	787	0	98	5	,ライジュウ,エント,ジーラッハ,ライジュウ,エント,
53	0	792	0	98	1	,スパンキー,
53	0	793	0	98	6	,ジーラッハ,スヴァラ,スヴァラ,ジーラッハ,ジーラッハ,ライジュウ,
53	0	794	0	98	1	,ビッグスライム,
53	0	797	0	98	2	,サーラメーヤ,スパンキー,
53	0	804	0	98	5	,フェンリル,クーニアック,フェンリル,クーニアック,シニス,
53	0	810	0	98	7	,五芒,ギンコヌス,マンドレイク,五芒,五芒,五芒,マンドレイク,
53	0	812	1	374	2	,ドロワ,リーゼロッテ,
53	0	819	0	98	1	,グダナ,
53	0	824	0	98	1	,ウグジュクナーパク,
53	0	832	1	475	1	,闇色のトキサメ,
53	0	841	0	98	4	,ウグジュクナーパク,ウグジュクナーパク,ウグジュクナーパク,ボカナーフ,
53	0	845	1	465	1	,ノーライフキング,
53	0	849	0	98	7	,ナナナキ,スヴァラ,キュベレ,ナナナキ,ライジュウ,キュベレ,スヴァラ,
53	0	850	0	98	9	,タラン,タラン,ゴリニチ,ゴリニチ,ゴリニチ,女禍,タラン,タラン,女禍,
53	0	854	0	98	3	,カプリコーン,キレインクロイン,カプリコーン,
53	0	858	0	98	1	,エント,
53	0	870	0	98	6	,カグツチ,シニス,スレイグッド,スレイグッド,カグツチ,クーニアック,
53	0	872	0	98	3	,ニクール,ニクール,ニクール,
53	0	874	0	98	3	,ハイタースプライト,ハイタースプライト,ハイタースプライト,
53	0	876	0	98	8	,アップルツリーマン,ギンコヌス,ギンコヌス,アップルツリーマン,アップルツリーマン,フルーツドラゴン,ギンコヌス,ギンコヌス,
53	0	878	1	774	1	,紅玉のベルフィ,
53	0	879	0	98	5	,フェンリル,カグツチ,シニス,クーニアック,カグツチ,
53	0	880	1	641	5	,アーマーコング,アーマーコング,アーマーコング,アーマーコング,イヴァ,
53	0	888	0	98	6	,キレインクロイン,ドゥナマラ,ダルハム,キレインクロイン,ダルハム,キレインクロイン,
53	0	891	0	98	4	,キヨヒメ,ワキニャン,ワキニャン,ワキニャン,
53	0	893	1	833	1	,新王パラダイス,
53	0	899	0	98	5	,クーニアック,クーニアック,フェンリル,クーニアック,フェンリル,
53	0	921	0	98	3	,マルシュアス,マルシュアス,カプリコーン,
53	0	922	0	98	1	,レンコーン,
53	0	926	1	283	7	,冥暗のラズロ,デュラハン,デュラハン,デュラハン,バンシー,バンシー,バンシー,
53	0	932	0	98	7	,スヴァラ,スヴァラ,ナナナキ,ナナナキ,ナナナキ,ライジュウ,スヴァラ,
53	0	936	0	98	4	,サーラメーヤ,ゴリニチ,ムニン,ゴリニチ,
53	0	939	0	98	7	,シトラリクエ,ムニン,タラン,タラン,タラン,タラン,シトラリクエ,
53	0	940	0	98	7	,マンドレイク,アップルツリーマン,ギンコヌス,ギンコヌス,マンドレイク,マンドレイク,アップルツリーマン,
53	0	941	0	98	4	,サーラメーヤ,サーラメーヤ,ムニン,サーラメーヤ,
53	0	946	0	98	2	,グダナ,ボカナーフ,
53	0	953	0	98	1	,ウグジュクナーパク,
53	0	956	0	98	6	,ムニン,ムニン,シトラリクエ,シトラリクエ,ムニン,タラン,
53	0	958	1	858	1	,魔神ベルフィ,
53	0	959	0	98	1	,ビッグスライム,
53	0	961	0	98	1	,ウグジュクナーパク,
53	0	966	1	465	1	,ノーライフキング,
53	0	968	0	98	3	,グダナ,ビッグスライム,酒呑童子,
53	0	972	0	98	2	,ガロクウズウィス,ライジュウ,
53	0	975	0	98	3	,ガロクウズウィス,スヴァラ,ライジュウ,
53	0	978	0	98	7	,ナナナキ,スヴァラ,クイーンコング,ナナナキ,スヴァラ,ナナナキ,キュベレ,
53	0	985	0	98	9	,スレイグッド,クーニアック,スレイグッド,カグツチ,カグツチ,スレイグッド,スレイグッド,スレイグッド,カグツチ,
53	0	991	0	98	2	,キネピクワ,キネピクワ,
53	0	1006	1	641	5	,アーマーコング,アーマーコング,アーマーコング,アーマーコング,イヴァ,
53	0	1010	1	833	1	,新王パラダイス,
53	0	1011	1	833	1	,新王パラダイス,
53	0	1012	0	98	1	,グダナ,
53	0	1016	0	98	1	,ビッグスライム,
53	0	1018	0	98	2	,マンドレイク,薔薇姫,
53	0	1023	0	98	9	,クーニアック,カグツチ,シニス,シニス,カグツチ,クーニアック,シニス,カグツチ,シニス,
53	0	1026	1	485	1	,ペスニャ,
53	0	1029	1	267	1	,帝王イカ,
53	0	1031	1	332	2	,ファルマ,サタン,
53	0	1034	1	283	7	,冥暗のラズロ,デュラハン,デュラハン,デュラハン,バンシー,バンシー,バンシー,
53	0	1037	0	98	7	,ヴィーナス,ヴィーナス,ドゥナマラ,ドゥナマラ,ダルハム,ドゥナマラ,キレインクロイン,
53	0	1041	0	98	6	,ジーラッハ,ライジュウ,ジーラッハ,ジーラッハ,スヴァラ,ガロクウズウィス,
53	0	1042	0	98	7	,スレイグッド,クーニアック,カグツチ,スレイグッド,クーニアック,クーニアック,クーニアック,
53	0	1046	0	98	2	,グリフォン,グリフォン,
53	0	1047	0	98	6	,ガロクウズウィス,スヴァラ,ガロクウズウィス,ジーラッハ,ジーラッハ,ライジュウ,
53	0	1055	0	98	1	,キジムナー,
53	0	1071	0	98	3	,ボカナーフ,ボカナーフ,ビッグスライム,
53	0	1075	0	98	1	,カプリコーン,
53	0	1078	0	98	2	,ニクール,マルシュアス,
53	0	1083	0	98	8	,シニス,クーニアック,クーニアック,クーニアック,シニス,フェンリル,フェンリル,シニス,
53	0	1093	0	98	9	,タラン,タラン,女禍,ゴリニチ,タラン,ゴリニチ,ゴリニチ,女禍,タラン,
53	0	1094	0	98	3	,ウグジュクナーパク,グダナ,グダナ,
53	0	1095	0	98	2	,マルシュアス,ニクール,
53	0	1106	0	98	4	,グリフォン,グリフォン,トルク,フェンリル,
53	0	1116	1	382	1	,イルヤナ,
53	0	1122	0	98	2	,エント,ジーラッハ,
53	0	1124	0	98	4	,ワキニャン,キネピクワ,ワキニャン,ワキニャン,
53	0	1127	0	98	1	,ニクール,
53	0	1130	0	98	1	,ベンヌ,
53	0	1132	0	98	3	,マルシュアス,マルシュアス,グランガッチ,
53	0	1137	0	98	1	,ビッグスライム,
53	0	1139	0	98	4	,グリフォン,トルク,デーヴ,トルク,
53	0	1144	1	774	1	,紅玉のベルフィ,
53	0	1150	0	98	8	,クイーンコング,スヴァラ,スヴァラ,ナナナキ,ナナナキ,ナナナキ,スヴァラ,クイーンコング,
53	0	1151	0	98	1	,ボカナーフ,
53	0	1155	0	98	2	,ドラゴンメイド,スパンキー,
53	0	1159	1	774	1	,紅玉のベルフィ,
53	0	1160	0	98	2	,ニクール,ニクール,
53	0	1162	1	833	1	,新王パラダイス,
53	0	1168	0	98	3	,トルク,トルク,グリフォン,
53	0	1178	0	98	2	,フェンリル,九尾,
53	0	1180	0	98	4	,グダナ,グダナ,ビッグスライム,ウグジュクナーパク,
53	0	1181	0	98	1	,グダナ,
53	0	1183	0	98	5	,ジーラッハ,ジーラッハ,ジーラッハ,ガロクウズウィス,ガロクウズウィス,
53	0	1185	1	774	1	,紅玉のベルフィ,
53	0	1187	0	98	6	,スヴァラ,ライジュウ,ナナナキ,ライジュウ,スヴァラ,ライジュウ,
53	0	1191	0	98	2	,ライジュウ,ガロクウズウィス,
53	0	1192	0	98	3	,キレインクロイン,マルシュアス,ニクール,
53	0	1193	1	774	1	,紅玉のベルフィ,
53	0	1195	0	98	6	,クーニアック,シニス,カグツチ,カグツチ,クーニアック,シニス,
53	0	1197	0	98	9	,キュベレ,キュベレ,ナナナキ,キュベレ,ナナナキ,キュベレ,ナナナキ,キュベレ,キュベレ,
53	0	1198	0	98	4	,トルク,トルク,グリフォン,トルク,
53	0	1199	0	98	6	,トルク,クーニアック,グリフォン,フェンリル,トルク,クーニアック,
53	0	1206	1	641	5	,アーマーコング,アーマーコング,アーマーコング,アーマーコング,イヴァ,
53	0	1210	1	641	5	,アーマーコング,アーマーコング,アーマーコング,アーマーコング,イヴァ,
53	0	1216	0	98	9	,キュベレ,クイーンコング,スヴァラ,ナナナキ,クイーンコング,スヴァラ,スヴァラ,ナナナキ,ナナナキ,
53	0	1219	0	98	8	,ナナナキ,キュベレ,クイーンコング,クイーンコング,スヴァラ,スヴァラ,クイーンコング,スヴァラ,
53	0	1220	0	98	2	,サーラメーヤ,アニス,
53	0	1221	0	98	1	,グダナ,
53	0	1228	0	98	4	,ムニン,タラン,タラン,ムニン,
53	0	1229	0	98	5	,ビッグスライム,ボカナーフ,ボカナーフ,ビッグスライム,ビッグスライム,
53	0	1236	0	98	6	,バステト,キヨヒメ,ハイタースプライト,フレイムゴースト,バステト,キヨヒメ,
53	0	1243	0	98	1	,ウグジュクナーパク,
53	0	1245	0	98	7	,クーニアック,スレイグッド,クーニアック,スレイグッド,カグツチ,シニス,カグツチ,
53	0	1248	0	98	2	,ボカナーフ,ボカナーフ,
53	0	1250	0	98	2	,スパンキー,アニス,
53	0	1251	0	98	1	,サーラメーヤ,
53	0	1255	1	833	1	,新王パラダイス,
53	0	1257	0	98	2	,ベンヌ,ジーラッハ,
53	0	1259	1	833	1	,新王パラダイス,
53	0	1261	0	98	6	,スレイグッド,カグツチ,クーニアック,スレイグッド,シニス,スレイグッド,
53	0	1268	0	98	1	,ウグジュクナーパク,
53	0	1270	1	535	6	,マルクス,メイド長,キューティーメイド,キューティーメイド,キューティーメイド,キューティーメイド,
53	0	1273	0	98	1	,カプリコーン,
53	0	1275	0	98	7	,ゴリニチ,タラン,タラン,ゴリニチ,タラン,ゴリニチ,ムニン,
53	0	1283	1	774	1	,紅玉のベルフィ,
53	0	1288	0	98	4	,ゴリニチ,ゴリニチ,アニス,ゴリニチ,
53	0	1301	0	98	2	,ワキニャン,ワキニャン,
53	0	1302	0	98	4	,ハイタースプライト,ハイタースプライト,ハイタースプライト,キヨヒメ,
53	0	1303	1	646	1	,黒騎士,
53	0	1325	1	380	2	,フロラ,ダイゴ,
53	0	1326	0	98	5	,キュベレ,ライジュウ,ナナナキ,ライジュウ,ナナナキ,
53	0	1328	0	98	1	,ワキニャン,
53	0	1330	1	273	5	,ラケルト,武装兵,武装兵,魔導兵,魔導兵,
53	0	1331	0	98	2	,スパンキー,アニス,
53	0	1333	0	98	2	,アニス,アニス,
53	0	1338	0	98	7	,タラン,シトラリクエ,ゴリニチ,タラン,シトラリクエ,ゴリニチ,ゴリニチ,
53	0	1339	0	98	3	,ボカナーフ,グダナ,ビッグスライム,
53	0	1347	0	98	2	,九尾,九尾,
53	0	1348	1	283	7	,冥暗のラズロ,デュラハン,デュラハン,デュラハン,バンシー,バンシー,バンシー,
53	0	1350	0	98	5	,スパンキー,アニス,サーラメーヤ,アニス,スパンキー,
53	0	1353	0	98	5	,トルク,クーニアック,トルク,グリフォン,トルク,
53	0	1361	0	98	2	,キレインクロイン,キレインクロイン,
53	0	1363	0	98	1	,ボカナーフ,
53	0	1369	0	98	1	,ニクール,
53	0	1391	0	98	1	,グリフォン,
53	0	1394	0	98	5	,ハイタースプライト,キヨヒメ,フレイムゴースト,ハイタースプライト,ハイタースプライト,
53	0	1400	1	211	2	,ブランチマン,庭ガール,
53	0	1424	0	98	1	,グダナ,
53	0	1425	1	98	1	,兵士,
53	0	1430	0	98	9	,シニス,カグツチ,シニス,スレイグッド,クーニアック,スレイグッド,スレイグッド,カグツチ,スレイグッド,
53	0	1431	1	374	2	,ドロワ,リーゼロッテ,
53	0	1440	0	98	1	,カプリコーン,
53	0	1442	0	98	3	,アニス,サーラメーヤ,ドラゴンメイド,
53	0	1443	0	98	1	,グダナ,
53	0	1444	0	98	1	,ボカナーフ,
53	0	1445	0	98	1	,サーラメーヤ,
53	0	1447	0	98	3	,五芒,マンドレイク,五芒,
53	0	1451	0	98	1	,ウグジュクナーパク,
53	0	1462	1	540	4	,フォルシュ,クローンゴレム,クローンエンジェル,クローンアニマ,
53	0	1463	0	98	1	,レンコーン,
53	0	1467	0	98	6	,フルーツドラゴン,フルーツドラゴン,アップルツリーマン,アップルツリーマン,五芒,ギンコヌス,
53	0	1475	0	98	7	,クーニアック,シニス,クーニアック,シニス,スレイグッド,スレイグッド,クーニアック,
53	0	1477	0	98	3	,ドラゴンメイド,アニス,ドラゴンメイド,
53	0	1481	0	98	4	,サーラメーヤ,ムニン,アニス,ムニン,
53	0	1486	0	98	7	,フェンリル,カグツチ,クーニアック,フェンリル,カグツチ,カグツチ,クーニアック,
53	0	1495	1	858	1	,魔神ベルフィ,
53	0	1500	1	833	1	,新王パラダイス,
53	0	1501	1	725	4	,フリューギル,ブラックドラゴン,シルバードラゴン,ホワイトドラゴン,
53	0	1507	1	576	4	,レッドベリルフェアリー,アイオライトフェアリー,チャロアイトフェアリー,スフェーンフェアリー,
53	0	1514	0	98	7	,カグツチ,シニス,スレイグッド,シニス,カグツチ,カグツチ,シニス,
53	0	1523	0	98	5	,ガロクウズウィス,ガロクウズウィス,ガロクウズウィス,ライジュウ,ガロクウズウィス,
53	0	1525	0	98	5	,ムニン,ゴリニチ,ゴリニチ,ムニン,サーラメーヤ,
53	0	1527	0	98	4	,ゴリニチ,ムニン,ゴリニチ,ムニン,
53	0	1536	0	98	9	,女禍,ゴリニチ,ゴリニチ,タラン,ゴリニチ,ゴリニチ,シトラリクエ,タラン,タラン,
53	0	1538	0	98	5	,シニス,シニス,シニス,クーニアック,シニス,
53	0	1543	0	98	4	,ドラゴンメイド,スパンキー,ドラゴンメイド,スパンキー,
53	0	1544	0	98	2	,ガロクウズウィス,ガロクウズウィス,
53	0	1547	0	98	7	,クーニアック,カグツチ,クーニアック,シニス,シニス,スレイグッド,カグツチ,
53	0	1550	0	98	3	,アニス,スパンキー,アニス,
53	0	1557	0	98	6	,フェンリル,クーニアック,カグツチ,クーニアック,シニス,フェンリル,
53	0	1568	0	98	4	,ウグジュクナーパク,ウグジュクナーパク,ウグジュクナーパク,ビッグスライム,
53	0	1569	0	98	1	,ボカナーフ,
53	0	1575	0	98	5	,ジーラッハ,ライジュウ,ガロクウズウィス,ガロクウズウィス,ガロクウズウィス,
53	0	1579	0	98	6	,フェンリル,トルク,フェンリル,クーニアック,クーニアック,クーニアック,
53	0	1582	0	98	4	,タラン,ゴリニチ,ゴリニチ,ムニン,
53	0	1593	0	98	2	,エント,ガロクウズウィス,
53	0	1594	0	98	2	,ジーラッハ,ベンヌ,
53	0	1596	1	374	2	,ドロワ,リーゼロッテ,
53	0	1602	0	98	3	,ライジュウ,ガロクウズウィス,ライジュウ,
53	0	1605	0	98	3	,グダナ,酒呑童子,ボカナーフ,
53	0	1609	0	98	6	,サーラメーヤ,ゴリニチ,タラン,サーラメーヤ,タラン,ゴリニチ,
53	0	1612	0	98	1	,ウグジュクナーパク,
53	0	1613	1	607	7	,双迅のラケルト,重騎兵,重騎兵,重騎兵,魔砲兵,魔砲兵,魔砲兵,
53	0	1616	1	380	2	,フロラ,ダイゴ,
53	0	1620	1	607	9	,双迅のラケルト,重騎兵,重騎兵,重騎兵,重騎兵,魔砲兵,魔砲兵,魔砲兵,魔砲兵,
53	0	1622	0	98	6	,ハイタースプライト,キヨヒメ,フレイムゴースト,キネピクワ,キヨヒメ,キネピクワ,
53	0	1625	0	98	2	,酒呑童子,酒呑童子,
53	0	1638	0	98	3	,フェンリル,フェンリル,グリフォン,
53	0	1639	0	98	3	,ドラゴンメイド,スパンキー,スパンキー,
53	0	1642	1	774	1	,紅玉のベルフィ,
53	0	1654	0	98	6	,ゴリニチ,ゴリニチ,タラン,ゴリニチ,ゴリニチ,シトラリクエ,
53	0	1657	0	98	3	,グダナ,ボカナーフ,ウグジュクナーパク,
53	0	1666	0	98	7	,ライジュウ,ライジュウ,スヴァラ,ライジュウ,スヴァラ,ライジュウ,ナナナキ,
53	0	1671	1	380	2	,フロラ,ダイゴ,
53	0	1680	0	98	4	,フェンリル,シニス,クーニアック,フェンリル,
53	0	1686	0	98	1	,キネピクワ,
53	0	1692	0	98	3	,エント,ベンヌ,エント,
53	0	1701	1	607	7	,双迅のラケルト,重騎兵,重騎兵,重騎兵,魔砲兵,魔砲兵,魔砲兵,
53	0	1704	1	607	9	,双迅のラケルト,重騎兵,重騎兵,重騎兵,重騎兵,魔砲兵,魔砲兵,魔砲兵,魔砲兵,
53	0	1716	0	98	1	,ウグジュクナーパク,
53	0	1718	1	774	1	,紅玉のベルフィ,
53	0	1722	0	98	1	,グダナ,
53	0	1728	0	98	2	,サーラメーヤ,スパンキー,
53	0	1731	0	98	6	,キュノプロソピ,ハイタースプライト,ハイタースプライト,フレイムゴースト,バステト,フレイムゴースト,
53	0	1733	1	535	10	,マルクス,メイド長,キューティーメイド,キューティーメイド,キューティーメイド,キューティーメイド,キューティーメイド,キューティーメイド,キューティーメイド,キューティーメイド,
53	0	1734	0	98	1	,ウグジュクナーパク,
53	0	1742	0	98	4	,アニス,サーラメーヤ,アニス,アニス,
53	0	1744	0	98	3	,フェンリル,トルク,クーニアック,
53	0	1746	0	98	3	,グダナ,ボカナーフ,酒呑童子,
53	0	1752	0	98	2	,スパンキー,ドラゴンメイド,
53	0	1757	0	98	8	,アシパトラ,酒呑童子,酒呑童子,酒呑童子,酒呑童子,酒呑童子,酒呑童子,アシパトラ,
53	0	1759	0	98	1	,エント,
53	0	1766	0	98	1	,レンコーン,
53	0	1767	1	370	1	,ヴァルキリー,
53	0	1768	0	98	5	,キュベレ,スヴァラ,ライジュウ,ライジュウ,ライジュウ,
53	0	1773	1	725	4	,フリューギル,ブラックドラゴン,シルバードラゴン,ホワイトドラゴン,
53	0	1774	0	98	1	,ビッグスライム,
53	0	1780	0	98	8	,キレインクロイン,ドゥナマラ,キレインクロイン,ダルハム,ヴィーナス,ドゥナマラ,ヴィーナス,ヴィーナス,
53	0	1787	0	98	2	,ボカナーフ,ビッグスライム,
53	0	1791	1	607	11	,双迅のラケルト,重騎兵,重騎兵,重騎兵,重騎兵,重騎兵,魔砲兵,魔砲兵,魔砲兵,魔砲兵,魔砲兵,
53	0	1796	1	725	4	,フリューギル,ブラックドラゴン,シルバードラゴン,ホワイトドラゴン,
53	0	1809	0	98	4	,サーラメーヤ,ゴリニチ,サーラメーヤ,アニス,
53	0	1810	0	98	4	,クーニアック,グリフォン,トルク,クーニアック,
53	0	1812	1	465	1	,ノーライフキング,
53	0	1826	0	98	1	,グダナ,
53	0	1835	0	98	1	,ビッグスライム,
53	0	1850	0	98	1	,カリフラワーム,
53	0	1863	1	641	5	,アーマーコング,アーマーコング,アーマーコング,アーマーコング,イヴァ,
53	0	1876	0	98	3	,オオカブ,レンコーン,マンドレイク,
53	0	1884	0	98	5	,スヴァラ,スヴァラ,ライジュウ,スヴァラ,スヴァラ,
53	0	1909	0	98	1	,デーヴ,
53	0	1911	0	98	3	,キレインクロイン,マルシュアス,マルシュアス,
53	0	1917	0	98	6	,アムドゥシアス,カリグレーハウンド,アシパトラ,グーグー,アシパトラ,グーグー,
53	0	1920	0	98	1	,ニクール,
53	0	1929	1	607	7	,双迅のラケルト,重騎兵,重騎兵,重騎兵,魔砲兵,魔砲兵,魔砲兵,
53	0	1930	1	211	2	,ブランチマン,庭ガール,
53	0	1931	0	98	1	,サーラメーヤ,
53	0	1938	0	98	2	,ビッグスライム,ボカナーフ,
53	0	1941	0	98	5	,サーラメーヤ,サーラメーヤ,ゴリニチ,タラン,ムニン,
53	0	1947	1	725	4	,フリューギル,ブラックドラゴン,シルバードラゴン,ホワイトドラゴン,
53	0	1948	0	98	1	,ボカナーフ,
53	0	1949	0	98	3	,サーラメーヤ,サーラメーヤ,アニス,
53	0	1950	0	98	1	,ボカナーフ,
53	0	1958	1	641	5	,アーマーコング,アーマーコング,アーマーコング,アーマーコング,イヴァ,
53	0	1960	0	98	2	,グダナ,ウグジュクナーパク,
53	0	1963	0	98	1	,スパンキー,
53	0	1964	1	774	1	,紅玉のベルフィ,
53	0	1965	0	98	6	,シトラリクエ,ムニン,シトラリクエ,タラン,タラン,ムニン,
53	0	1967	0	98	2	,ニクール,マルシュアス,
53	0	2001	0	98	1	,薔薇姫,
53	0	2004	1	535	4	,マルクス,メイド長,キューティーメイド,キューティーメイド,
53	0	2011	0	98	1	,ボカナーフ,
53	0	2013	1	774	1	,紅玉のベルフィ,
53	0	2026	0	98	3	,キネピクワ,キヨヒメ,キヨヒメ,
53	0	2050	0	98	4	,アニス,スパンキー,ドラゴンメイド,スパンキー,
53	0	2055	0	98	1	,ウォーターレイス,
53	0	2067	0	98	3	,キレインクロイン,カプリコーン,ニクール,
53	0	2073	1	374	2	,ドロワ,リーゼロッテ,
53	0	2076	0	98	2	,サーラメーヤ,アニス,
53	0	2091	0	98	4	,ガロクウズウィス,ベンヌ,ガロクウズウィス,エント,
53	0	2115	1	211	2	,ブランチマン,庭ガール,
53	0	2117	0	98	1	,九尾,
53	0	2148	1	267	1	,帝王イカ,
53	0	2149	1	267	1	,帝王イカ,
53	0	2151	0	98	1	,ビッグスライム,
53	0	2153	0	98	1	,ビッグスライム,
53	0	2163	0	98	1	,九尾,
53	0	2171	1	211	2	,ブランチマン,庭ガール,
53	0	2179	0	98	1	,ウグジュクナーパク,
53	0	2199	0	98	2	,ドラゴンメイド,スパンキー,
53	0	2200	0	98	4	,キジムナー,キネピクワ,マダ,キネピクワ,
53	0	2201	1	725	4	,フリューギル,ブラックドラゴン,シルバードラゴン,ホワイトドラゴン,
53	0	2210	0	98	4	,マダ,スプリガン,キジムナー,ワキニャン,
53	0	2214	0	98	3	,ベンヌ,ガイトラッシュ,デッドムーン,
53	0	2228	0	98	1	,トトイマ,
53	0	2239	0	98	3	,トトイマ,アンシーリーコート,マヒシャ,
53	0	2248	0	98	4	,九尾,グイシオン,グイシオン,九尾,
53	0	2249	0	98	4	,デーヴ,グリフォン,九尾,グリフォン,
53	0	2253	0	98	1	,グリュプス,
53	0	2258	0	98	5	,スパンキー,スパンキー,スランピン,スランピン,スパンキー,
53	0	2259	0	98	1	,アンシーリーコート,
53	0	2262	0	98	4	,グリュプス,アンシーリーコート,トトイマ,トトイマ,
53	0	2270	0	98	6	,ニクール,ニクール,マルシュアス,カプリコーン,カプリコーン,グランガッチ,
53	0	2273	0	98	8	,エント,ベンヌ,ジーラッハ,デッドムーン,デッドムーン,ベンヌ,エント,デッドムーン,
53	0	2274	0	98	7	,九尾,デーヴ,グイシオン,グイシオン,九尾,デーヴ,デーヴ,
53	0	2279	0	98	2	,グリュプス,バリオス,
53	0	2285	0	98	5	,マダ,スプリガン,マダ,マダ,グウィバー,
53	0	2289	0	98	1	,ストーンコート,
53	0	2292	0	98	5	,スパンキー,ドラゴンメイド,アニス,スランピン,スランピン,
53	0	2294	0	98	6	,グリフォン,グリフォン,グリフォン,トルク,トルク,九尾,
53	0	2297	0	98	1	,ガイトラッシュ,
53	0	2306	1	535	8	,マルクス,メイド長,キューティーメイド,キューティーメイド,キューティーメイド,キューティーメイド,キューティーメイド,キューティーメイド,
53	0	2310	0	98	1	,ヴィーヴル,
53	0	2314	0	98	9	,九尾,グリフォン,グリフォン,トルク,グリフォン,九尾,グリフォン,九尾,九尾,
53	0	2325	1	283	4	,ラズロ,キョンシー,スケルトン,グール,
53	0	2326	0	98	1	,モルモー,
53	0	2327	1	725	4	,フリューギル,ブラックドラゴン,シルバードラゴン,ホワイトドラゴン,
53	0	2335	0	98	1	,ル・カルコル,
53	0	2340	0	98	2	,カークス,フランケン,
53	0	2355	0	98	4	,オロチ,オロチ,ガイトラッシュ,グルアガッハ,
53	0	2384	0	98	2	,ボラーク,ストーンコート,
53	0	2389	0	98	2	,バリオス,グレートモグラ,
53	0	2393	1	465	1	,ノーライフキング,
53	0	2398	1	465	1	,ノーライフキング,
53	0	2400	0	98	2	,キキーモラ,ミイラ,
53	0	2403	1	485	1	,ペスニャ,
53	0	2408	0	98	6	,デッドムーン,ガイトラッシュ,ウェンディゴ,デッドムーン,デッドムーン,ベンヌ,
53	0	2428	0	98	7	,グウィバー,スプリガン,クコア,クコア,ケルケス,ケルケス,グウィバー,
53	0	2432	0	98	6	,カークス,フランケン,スランピン,鳳凰,フランケン,カークス,
53	0	2436	0	98	1	,ポレヴィーク,
53	0	2456	1	774	1	,紅玉のベルフィ,
53	0	2468	1	576	4	,レッドベリルフェアリー,アイオライトフェアリー,チャロアイトフェアリー,スフェーンフェアリー,
53	0	2469	0	98	6	,フランケン,スランピン,フランケン,鳳凰,カークス,カークス,
53	0	2470	1	774	1	,紅玉のベルフィ,
53	0	2472	0	98	1	,タゲス,
53	0	2473	0	98	4	,オロチ,オロチ,ガイトラッシュ,オロチ,
53	0	2476	0	98	1	,ワーウルフ,
53	0	2486	1	273	3	,ラケルト,武装兵,魔導兵,
53	0	2487	0	98	4	,プーカ,プーカ,フェノゼリー,グレートモグラ,
53	0	2498	1	332	2	,ファルマ,サタン,
53	0	2506	0	98	3	,オロチ,ジャイアントパンダ,ジャイアントパンダ,
53	0	2509	0	98	1	,グレートモグラ,
53	0	2510	0	98	1	,ワーウルフ,
53	0	2513	1	540	4	,フォルシュ,クローンゴレム,クローンエンジェル,クローンアニマ,
53	0	2514	1	380	2	,フロラ,ダイゴ,
53	0	2532	0	98	3	,キキーモラ,ミイラ,ピスハンド,
53	0	2538	1	725	4	,フリューギル,ブラックドラゴン,シルバードラゴン,ホワイトドラゴン,
53	0	2539	0	98	6	,ピスハンド,フランケン,カークス,ヴィーヴル,カークス,カークス,
53	0	2542	1	465	1	,ノーライフキング,
53	0	2550	0	98	8	,キキーモラ,ピスハンド,ヴィーヴル,ミイラ,ピスハンド,ピスハンド,ヴィーヴル,ミイラ,
53	0	2557	0	98	9	,ヴィーヴル,ピスハンド,ピスハンド,フランケン,フランケン,ヴィーヴル,ヴィーヴル,ヴィーヴル,ピスハンド,
53	0	2568	0	98	1	,プーカ,
53	0	2588	0	98	1	,ナイトメア,
53	0	2593	0	98	5	,ドラウグル,ショゴス,ドラウグル,ドラウグル,ドラウグル,
53	0	2609	0	98	1	,プーカ,
53	0	2624	0	98	1	,ジン,
53	0	2636	0	98	6	,モノケロス,ヘカトンケイル,キドゥー,キドゥー,モノケロス,モノケロス,
53	0	2637	0	98	9	,ヘカトンケイル,キドゥー,ヘカトンケイル,モノケロス,キドゥー,ヘカトンケイル,モノケロス,モノケロス,ガイアチャイルド,
53	0	2638	0	98	1	,ペリュトン,
53	0	2641	0	98	2	,ロスマリン,フロスティ,
53	0	2647	0	98	1	,コルヌ,
53	0	2661	0	98	6	,ベイガド,ベイガド,ケンタウロス,モノケロス,ケンタウロス,モノケロス,
53	0	2668	0	98	6	,ショゴス,ドラウグル,ミイラ,ドラウグル,ミイラ,ドラウグル,
53	0	2671	0	98	4	,エンプーサ,コロコロ,ジャガーマン,ジャガーマン,
53	0	2672	0	98	2	,エンプーサ,フンババ,
53	0	2677	1	380	2	,フロラ,ダイゴ,
53	0	2678	0	98	3	,ナイトメア,ナイトメア,ペリュトン,
53	0	2679	0	98	4	,テラエリンギ,キャベツ太朗,キャベツ太朗,テラエリンギ,
53	0	2683	0	98	4	,キンダーフレッサー,ゲルジス,キンダーフレッサー,花魄,
53	0	2685	0	98	4	,タニワ,アリエス,チンルアン,ガンダルヴァ,
53	0	2690	0	98	1	,コロコロ,
53	0	2693	0	98	1	,コロコロ,
53	0	2713	1	370	1	,ヴァルキリー,
53	0	2721	1	725	4	,フリューギル,ブラックドラゴン,シルバードラゴン,ホワイトドラゴン,
53	0	2722	0	98	8	,フォレストドラゴン,キンダーフレッサー,ゲルジス,フォレストドラゴン,ゲルジス,キンダーフレッサー,キンダーフレッサー,ゲルジス,
53	0	2725	0	98	1	,コロコロ,
53	0	2747	1	273	5	,ラケルト,武装兵,武装兵,魔導兵,魔導兵,
53	0	2757	0	98	1	,ノーグル,
53	0	2758	1	374	2	,ドロワ,リーゼロッテ,
53	0	2759	0	98	1	,チンルアン,
53	0	2760	0	98	7	,ナイトメア,ガンダルヴァ,ナイトメア,ナイトメア,ガンダルヴァ,ナイトメア,ペリュトン,
53	0	2761	0	98	6	,ラタトスク,スコル,スコル,アルプ,ラタトスク,ラタトスク,
53	0	2768	0	98	6	,ナイトメア,ドラウグル,ガンダルヴァ,ガンダルヴァ,ペリュトン,ドラウグル,
53	0	2789	1	267	1	,帝王イカ,
53	0	2796	0	98	1	,ジドラ,
53	0	2800	1	380	2	,フロラ,ダイゴ,
53	0	2807	0	98	1	,メルウェル,
53	0	2812	0	98	6	,貧乏神,コルヌ,エンプーサ,貧乏神,貧乏神,エンプーサ,
53	0	2818	0	98	1	,オリーブさん,
53	0	2820	1	380	2	,フロラ,ダイゴ,
53	0	2830	0	98	1	,ギガンテス,
53	0	2841	1	211	2	,ブランチマン,庭ガール,
53	0	2847	0	98	1	,ドラコ,
53	0	2861	0	98	5	,エンガルファー,エンガルファー,タニワ,タニワ,アルミラージュ,
53	0	2872	0	98	2	,ジャガー,ドラコ,
53	0	2875	0	98	5	,チンルアン,チンルアン,ゾンビプリンセス,アルミラージュ,アルミラージュ,
53	0	2878	0	98	1	,モズクビースト,
53	0	2881	0	98	2	,ピグレット,スカンク,
53	0	2883	0	98	4	,ジドラ,コロコロ,ジャガーマン,メルウェル,
53	0	2885	0	98	2	,ピグレット,ジドラ,
53	0	2890	0	98	5	,メルウェル,メルウェル,メルウェル,ジドラ,コロコロ,
53	0	2891	0	98	1	,バグワーム,
53	0	2894	0	98	1	,ブゾク,
53	0	2895	0	98	5	,サテュロス,フォレストドラゴン,バグワーム,サテュロス,サテュロス,
53	0	2902	0	98	4	,アルミラージュ,イケメンゾンビ,イケメンゾンビ,アルミラージュ,
53	0	2908	1	380	2	,フロラ,ダイゴ,
53	0	2913	0	98	3	,ローレライ,アヒル,モズクビースト,
53	0	2918	0	98	2	,イケメンゾンビ,イケメンゾンビ,
53	0	2921	0	98	6	,ゲルジス,キンダーフレッサー,キンダーフレッサー,ゲルジス,ゲルジス,ゲルジス,
53	0	2931	1	267	1	,帝王イカ,
53	0	2937	0	98	4	,リビングツイスター,ミニスフィンクス,ミニスフィンクス,クーシー,
53	0	2939	0	98	1	,レッドドラゴン,
53	0	2941	0	98	6	,エンガルファー,イケメンゾンビ,エンガルファー,ゾンビプリンセス,エンガルファー,ゾンビシャーマン,
53	0	2943	0	98	1	,ドレイク,
53	0	2946	0	98	1	,ドレイク,
53	0	2947	0	98	3	,パピヨン,パピヨン,キラーパンジー,
53	0	2951	0	98	1	,ライオン,
53	0	2952	0	98	1	,ゾンビ,
53	0	2959	0	98	8	,イケメンゾンビ,ゾンビシャーマン,ゾンビプリンセス,エンガルファー,イケメンゾンビ,エンガルファー,エンガルファー,イケメンゾンビ,
53	0	2960	0	98	1	,ドレイク,
53	0	2963	0	98	1	,サスカッチ,
53	0	2964	0	98	1	,クアール,
53	0	2968	0	98	4	,トレント,トレント,ダイアーウルフ,トレント,
53	0	2975	0	98	7	,サテュロス,パピヨン,パピヨン,パピヨン,サテュロス,キラーパンジー,キラーパンジー,
53	0	2978	1	380	2	,フロラ,ダイゴ,
53	0	2980	0	98	2	,スケルトンウォリアー,メデューサ,
53	0	2981	0	98	2	,トレント,レッサーヴァンパイア,
53	0	2988	0	98	5	,モンキーサーファー,しゃち,デンジャラスラッコ,しゃち,デンジャラスラッコ,
53	0	2995	1	211	2	,ブランチマン,庭ガール,
53	0	2996	0	98	6	,シルキー,スケルトンウォリアー,スケルトンウォリアー,シルキー,シルキー,スケルトンウォリアー,
53	0	2997	0	98	4	,ユキアネサ,デンジャラスラッコ,ユキアネサ,ユキアネサ,
53	0	2998	0	98	3	,スライム,スカイスピリット,スライム,
53	0	2999	0	98	2	,モンキーサーファー,モンキーサーファー,
53	0	3001	0	98	4	,オルトロス,オルトロス,スケルトンウォリアー,レッサーデーモン,
53	0	3010	0	98	2	,クジラ,クジラ,
53	0	3015	0	98	4	,クアール,スカイスピリット,クアール,クアール,
53	0	3021	0	98	3	,ユキアネサ,クジラ,モンキーサーファー,
53	0	3022	0	98	6	,ノール,スザク,ノール,ノール,ゲイザー,ゲイザー,
53	0	3028	0	98	1	,キラービー,
53	0	3030	0	98	3	,ブラウニー,ラミア,ラミア,
53	0	3032	0	98	2	,ファフニール,ロックウォーム,
53	0	3036	0	98	4	,ガルーダ,ケツァルコアトル,ケツァルコアトル,ガルーダ,
53	0	3045	0	98	3	,ミニデビル,ブラウニー,ヒュドラ,
53	0	3050	0	98	1	,エレファントモンスター,
53	0	3053	0	98	1	,ロータススピリット,
53	0	3071	0	98	4	,ロータススピリット,ティエホルツォディ,ブリギット,ロータススピリット,
53	0	3074	0	98	2	,スノーホワイト,マタンゴ,
53	0	3077	0	98	3	,アナモグラ,グラスパペット,アナモグラ,
53	0	3079	0	98	2	,アナモグラ,フラワースカート,
53	0	3086	0	98	1	,フラワースカート,
53	0	3088	0	98	1	,フラワースカート,
53	0	3089	0	98	4	,リッチ,レプラコーン,レプラコーン,リッチ,
53	0	3091	0	98	7	,ボールダー,ボールダー,ボールダー,マウンテンクラゲ,マウンテンクラゲ,マウンテンクラゲ,マウンテンクラゲ,
53	0	3096	0	98	2	,マーマン,ナイトスピリット,
53	0	3097	0	98	1	,マーマン,
53	0	3102	1	211	2	,ブランチマン,庭ガール,
53	0	3109	1	211	2	,ブランチマン,庭ガール,
53	0	3110	0	98	2	,ポーン,サキュバス,
53	0	3112	0	98	2	,スターゲイザー,パロロコン,
53	0	3114	1	211	3	,ブランチマン,庭ガール,庭ガール,
53	0	3120	0	98	1	,ジャッカル,
53	0	3123	0	98	2	,アクアスライム,アクアスライム,
53	0	3128	0	98	1	,ジャッカル,
53	0	3133	0	98	1	,ジャッカル,
53	0	3135	1	129	1	,トキサメ,
53	0	3136	1	211	2	,ブランチマン,庭ガール,
53	0	3137	1	211	2	,ブランチマン,庭ガール,
53	0	3139	0	98	2	,インプ,キラークリーパー,
53	0	3140	0	98	1	,フラミンゴ,
53	0	3143	1	211	2	,ブランチマン,庭ガール,
53	0	3145	1	211	2	,ブランチマン,庭ガール,
53	0	3147	0	98	2	,ゴブリン,アルラウネ,
53	0	3149	0	98	1	,海象,
53	0	3152	0	98	1	,アルラウネ,
53	0	3154	1	211	2	,ブランチマン,庭ガール,
53	0	3155	1	211	2	,ブランチマン,庭ガール,
53	0	3157	1	98	1	,兵士,
53	0	3159	0	98	3	,ペガサス,スプライト,ペガサス,
53	0	3161	1	211	2	,ブランチマン,庭ガール,
53	0	3162	0	98	1	,ゴブリン,
53	0	3163	0	98	1	,ゴブリン,
53	0	3167	0	98	6	,マキガイ,アクアスライム,スターゲイザー,アクアスライム,アクアスライム,パロロコン,
53	0	3168	1	211	2	,ブランチマン,庭ガール,
53	0	3170	1	211	4	,ブランチマン,庭ガール,庭ガール,庭ガール,
53	0	3172	1	211	2	,ブランチマン,庭ガール,
53	0	3173	0	98	1	,マッスルポテト,
53	0	3176	0	98	4	,キラークリーパー,キラークリーパー,シュリーカー,インプ,
53	0	3177	0	98	4	,ゴブリン,コボルト,アルラウネ,アルラウネ,
53	0	3179	0	98	1	,ゴブリン,
53	0	3180	0	98	1	,アメーバ,
53	0	3181	0	98	1	,アメーバ,
53	0	3182	0	98	1	,ゴブリン,
53	0	3183	0	98	1	,キラーインコ,
53	0	3184	0	98	2	,マッスルポテト,ゴブリン,
53	0	3185	0	98	1	,マッスルポテト,
53	0	3186	1	98	1	,兵士,
53	0	3187	1	98	1	,兵士,
53	0	3188	1	98	1	,兵士,
53	0	3189	1	98	1	,兵士,
53	0	3190	0	98	1	,アメーバ,
53	0	3191	1	98	1	,兵士,
53	0	3193	1	98	1	,兵士,
53	0	3194	1	98	1	,兵士,
53	0	3195	0	98	1	,アメーバ,
53	0	3196	0	98	1	,ケット・シー,
53	0	3197	0	98	2	,龍魚,レモラ,
53	0	3198	0	98	2	,マーメイド,マーメイド,
