result_no	generate_no	party_no	party_type	name	member_num	
55	0	1	0	第1一揆小隊	1
55	0	1	1	第1一揆小隊	1
55	0	2	0	もっふもふにしてやんよ！（しゅしゅっ	3
55	0	2	1	もっふもふにしてやんよ！（しゅしゅっ	3
55	0	3	0	Fragment Unity突撃火駝鳥のステーキが食べたい	4
55	0	3	1	突撃火駝鳥のステーキが食べたい	4
55	0	3	10	Fragment Unity	2
55	0	4	0	第4一揆小隊	2
55	0	4	1	第4一揆小隊	2
55	0	5	0	Garden Tea Party	4
55	0	5	1	Garden Tea Party	4
55	0	5	10	Garden Tea Party	4
55	0	5	11	Garden Tea Party	4
55	0	7	0	第839一揆小隊	4
55	0	7	1	第839一揆小隊	4
55	0	8	0	そうだ、契約迫ろう。	4
55	0	8	1	そうだ、契約迫ろう。	4
55	0	9	0	褐色の雫 Braun Tropfen	3
55	0	9	1	褐色の雫 Braun Tropfen褐色の雫 Braun Tropfen	7
55	0	9	10	褐色の雫 Braun Tropfen	3
55	0	9	11	褐色の雫 Braun Tropfen	3
55	0	10	0	らぶふぁいあー	4
55	0	10	1	らぶふぁいあー	4
55	0	11	0	散歩道山野メイドサービス	2
55	0	11	1	散歩道	1
55	0	12	0	Marionette	4
55	0	12	1	Marionette	4
55	0	13	0	名状しがたいからあげ小隊のようなもの	1
55	0	13	1	名状しがたいからあげ小隊のようなもの	4
55	0	13	10	名状しがたいからあげ小隊のようなもの	1
55	0	13	11	名状しがたいからあげ小隊のようなもの	4
55	0	16	0	猫と貴族と銃と本	4
55	0	16	1	猫と貴族と銃と本	4
55	0	17	0	愉快な４人組	2
55	0	17	1	愉快な吸血鬼共同体（+1）	3
55	0	17	11	愉快な吸血鬼共同体（+1）	3
55	0	19	0	魔砲少女マジカル☆ユナちゃんジュエリーフォース	7
55	0	19	1	魔砲少女マジカル☆ユナちゃん	4
55	0	19	10	魔砲少女マジカル☆ユナちゃん	4
55	0	19	11	魔砲少女マジカル☆ユナちゃん	4
55	0	20	0	妖艶道中記	4
55	0	20	1	けものもり	4
55	0	20	10	妖艶道中記	4
55	0	23	0	第23一揆小隊	1
55	0	23	1	第23一揆小隊	4
55	0	23	10	第23一揆小隊	1
55	0	24	0	【青峰会】菊と刀チュプチュプ	8
55	0	24	1	【青峰会】菊と刀	4
55	0	24	10	【青峰会】菊と刀	4
55	0	24	11	【青峰会】菊と刀	4
55	0	25	0	弱肉強食	3
55	0	25	1	弱肉強食	3
55	0	25	10	弱肉強食	3
55	0	26	0	けものもり	3
55	0	27	0	我等が歩む道は風と共にあり	1
55	0	27	1	久遠のストラグラー	4
55	0	27	10	我等が歩む道は風と共にあり	1
55	0	27	11	久遠のストラグラー	4
55	0	28	0	第601一揆小隊	4
55	0	28	1	第601一揆小隊	4
55	0	30	0	第30一揆小隊	1
55	0	30	1	第30一揆小隊	1
55	0	32	0	しんえん！	4
55	0	32	1	しんえん！	4
55	0	33	0	金科玉条	4
55	0	33	1	金科玉条	4
55	0	36	0	第36一揆小隊	2
55	0	36	1	第36一揆小隊	2
55	0	37	0	貴方の心、抉ります。	4
55	0	37	1	貴方の心、抉ります。	4
55	0	38	0	DG/遊撃隊『イズムルート』	4
55	0	38	1	DG/遊撃隊『イズムルート』	1
55	0	39	1	第614一揆小隊	4
55	0	42	0	ダイナミック・ギガ・バスター（固め技）百鬼夜行！刀光剣影！乾坤一擲！	4
55	0	42	1	ダイナミック・ギガ・バスター（固め技）	4
55	0	43	0	腑に押し込め妖精の喉仏	4
55	0	43	1	腑に押し込め妖精の喉仏	4
55	0	43	10	腑に押し込め妖精の喉仏	4
55	0	44	0	Mermbsteura	4
55	0	44	1	Mermbsteura	2
55	0	46	0	眼鏡モラトリアム	3
55	0	46	1	眼鏡モラトリアム	1
55	0	48	0	久遠のストラグラー	4
55	0	49	0	立ち塞がる影	1
55	0	49	1	立ち塞がる影	1
55	0	49	10	立ち塞がる影	1
55	0	49	11	立ち塞がる影	1
55	0	52	0	弥那杜家	4
55	0	52	1	弥那杜家	4
55	0	52	10	弥那杜家	4
55	0	54	0	第54一揆小隊	4
55	0	54	1	第54一揆小隊	4
55	0	54	10	第54一揆小隊	4
55	0	55	0	リリィ☆コントラクト	4
55	0	55	1	リリィ☆コントラクト	4
55	0	55	10	リリィ☆コントラクト	4
55	0	55	11	リリィ☆コントラクト	4
55	0	57	0	第57一揆小隊	1
55	0	57	1	第57一揆小隊	1
55	0	58	0	第58一揆小隊	4
55	0	58	1	第58一揆小隊	4
55	0	58	10	第58一揆小隊	4
55	0	58	11	第58一揆小隊	4
55	0	59	0	銃だって頑張ればやれる子なんだと思い隊	1
55	0	59	1	銃だって頑張ればやれる子なんだと思い隊	1
55	0	61	1	DG/遊撃隊『イズムルート』	3
55	0	63	0	第63一揆小隊	4
55	0	63	1	第63一揆小隊	4
55	0	65	0	第65一揆小隊	4
55	0	65	1	Mermbsteura	4
55	0	66	0	気ままにIKKI	4
55	0	66	1	気ままにIKKI	4
55	0	67	0	縁	1
55	0	67	1	溝鼠	2
55	0	68	0	∞	2
55	0	68	1	∞	2
55	0	69	0	エンゼルニャイツエンゼルニャイツ	2
55	0	69	1	全てを奪い隊	4
55	0	69	10	エンゼルニャイツ	1
55	0	69	11	全てを奪い隊	4
55	0	70	0	誰も知らない物語息抜きの合間に人生	8
55	0	70	1	誰も知らない物語	4
55	0	70	10	誰も知らない物語	4
55	0	71	0	ノスタルジアステラ	4
55	0	71	1	ノスタルジアステラ	4
55	0	71	11	ノスタルジアステラ	4
55	0	72	0	グノウさんが敵を料理しに行く旅	3
55	0	72	1	静かなる歩み	4
55	0	73	0	白いご飯が食べたい	2
55	0	73	1	白いご飯が食べたい	3
55	0	73	11	白いご飯が食べたい	3
55	0	75	0	へしおれ！天使の向こう脛	4
55	0	75	1	腑に押し込め妖精の喉仏	4
55	0	75	11	腑に押し込め妖精の喉仏	4
55	0	78	0	第37564一揆小隊	2
55	0	78	1	第37564一揆小隊第37564一揆小隊	4
55	0	79	1	チュプチュプ	4
55	0	79	10	チュプチュプ	4
55	0	79	11	チュプチュプ	4
55	0	80	0	鬼ノ宴	1
55	0	80	1	鬼ノ宴	1
55	0	81	0	第245一揆小隊	3
55	0	81	1	第201一揆小隊	2
55	0	81	10	第245一揆小隊	3
55	0	83	0	リボン探検隊	4
55	0	83	1	リボン探検隊	2
55	0	84	0	愉快な吸血鬼共同体（+1）	1
55	0	85	0	ぴおといっしょ！	2
55	0	85	1	ぴおといっしょ！	2
55	0	86	0	四辻	1
55	0	86	1	四辻	1
55	0	86	10	四辻	1
55	0	86	11	四辻	1
55	0	87	0	観光、好きかい？	4
55	0	87	1	観光、好きかい？	4
55	0	87	10	観光、好きかい？	4
55	0	87	11	観光、好きかい？	4
55	0	89	0	第1314一揆小隊	2
55	0	89	1	ジュエリーフォース	4
55	0	89	11	ジュエリーフォース	4
55	0	90	0	絶対権力	4
55	0	90	1	絶対権力	4
55	0	90	10	絶対権力	4
55	0	90	11	絶対権力	4
55	0	92	0	勇者御一行様	1
55	0	92	1	勇者御一行様	1
55	0	94	0	テセラストイケイア	4
55	0	94	10	テセラストイケイア	4
55	0	97	0	愉快な４人組	4
55	0	97	1	愉快な４人組	4
55	0	97	10	愉快な４人組	4
55	0	97	11	愉快な４人組	4
55	0	98	0	第98一揆小隊	4
55	0	98	1	第98一揆小隊	4
55	0	99	0	いなかもの！	4
55	0	99	1	いなかもの！	4
55	0	99	10	いなかもの！	4
55	0	99	11	いなかもの！	4
55	0	106	0	王子とウサギと妖精と明太子	1
55	0	106	1	王子とウサギと妖精と明太子	1
55	0	108	0	連なる波	3
55	0	108	1	連なる波	4
55	0	109	0	第341一揆小隊	4
55	0	109	1	第341一揆小隊	4
55	0	110	0	グランドフォビア	1
55	0	110	1	グランドフォビア	1
55	0	111	0	快傑ゾロ目とそうでない仲間たち	3
55	0	111	1	快傑ゾロ目とそうでない仲間たち	3
55	0	112	0	派遣部隊チームα	3
55	0	112	1	派遣部隊チームα	4
55	0	113	0	第113一揆小隊	4
55	0	113	1	第113一揆小隊	4
55	0	114	0	後衛魔法使い一名（50点）	1
55	0	114	1	後衛魔法使い一名（50点）	1
55	0	115	0	3人ぶらり旅	3
55	0	115	1	3人ぶらり旅	3
55	0	117	0	魅惑の肢体	4
55	0	117	1	魅惑の肢体	4
55	0	121	0	オズの無法使い	4
55	0	121	1	オズの無法使い	4
55	0	122	0	Oz	4
55	0	122	1	Oz	2
55	0	129	0	メルンテーゼ開墾組	4
55	0	129	1	メルンテーゼ開墾組	4
55	0	131	0	白いご飯と大理石	3
55	0	131	1	白いご飯と大理石	3
55	0	132	0	もふもふ☆サーカス	4
55	0	132	1	もふもふ☆サーカス	4
55	0	132	10	もふもふ☆サーカス	4
55	0	132	11	もふもふ☆サーカス	4
55	0	133	0	第2531一揆小隊	4
55	0	133	1	第2531一揆小隊	2
55	0	134	0	影使いの二人旅	1
55	0	134	1	影使いの二人旅	1
55	0	134	11	影使いの二人旅	1
55	0	135	0	一揆刀銭	4
55	0	135	1	派遣部隊チームα	4
55	0	135	11	派遣部隊チームα	4
55	0	138	0	メルンテーゼでからあげ食べ放題！	1
55	0	138	10	メルンテーゼでからあげ食べ放題！	1
55	0	139	0	鬼の古巣	1
55	0	139	1	鬼の古巣	2
55	0	139	11	鬼の古巣	2
55	0	145	0	褐色の雫 Braun Tropfen	4
55	0	145	10	褐色の雫 Braun Tropfen	4
55	0	145	11	褐色の雫 Braun Tropfen	4
55	0	147	1	第2531一揆小隊	1
55	0	148	0	チームサティスファクション	4
55	0	148	1	チームサティスファクション	4
55	0	148	10	チームサティスファクション	4
55	0	149	0	たくあんないつ竹輪支部	3
55	0	149	1	たくあんないつ竹輪支部	3
55	0	150	0	りすきーがーるず	4
55	0	150	1	りすきーがーるず	4
55	0	150	10	りすきーがーるず	4
55	0	151	0	律法ラナウェイズ	4
55	0	151	1	律法ラナウェイズ	4
55	0	153	0	進化の過程　-ねずみは月に飛べるのか-	4
55	0	153	1	進化の過程　-ねずみは月に飛べるのか-	4
55	0	154	0	私はもふもふ　あなたももふもふ	4
55	0	154	1	レッツゴー妖精中隊	2
55	0	155	0	Mermbsteura	1
55	0	156	0	Colorful Sacrament	4
55	0	156	1	Colorful Sacrament	4
55	0	157	0	猫3匹と何かが3匹	2
55	0	157	1	猫3匹と何かが3匹	2
55	0	157	11	猫3匹と何かが3匹	2
55	0	158	0	私はもふもふ　あなたももふもふ	1
55	0	158	1	私はもふもふ　あなたももふもふ	4
55	0	158	10	私はもふもふ　あなたももふもふ	1
55	0	158	11	私はもふもふ　あなたももふもふ	4
55	0	159	0	英雄もどきの異世界歩き	1
55	0	159	1	英雄もどきの異世界歩き	1
55	0	160	0	オルタナティブ・カルテット	3
55	0	160	1	オルタナティブ・カルテット	3
55	0	160	10	オルタナティブ・カルテット	3
55	0	160	11	オルタナティブ・カルテット	3
55	0	161	0	第161一揆小隊	1
55	0	161	1	第161一揆小隊	4
55	0	163	1	チームサティスファクション	4
55	0	163	11	チームサティスファクション	4
55	0	164	0	レッツゴー妖精中隊	4
55	0	170	0	鰊組	1
55	0	173	0	いっきどうぶつえん	4
55	0	173	1	いっきどうぶつえん	4
55	0	174	0	人外一揆小隊	2
55	0	174	1	人外一揆小隊第261一揆小隊	4
55	0	174	11	人外一揆小隊	2
55	0	176	1	シャラ様と下僕ども	4
55	0	179	0	sugar spot	3
55	0	179	1	ちび軍師の旅路	4
55	0	179	10	sugar spot	3
55	0	183	0	バベルバベル	4
55	0	183	1	バベル	2
55	0	183	10	バベル	2
55	0	183	11	バベル	2
55	0	184	0	糸巻きミラノコレクション	3
55	0	184	1	糸巻きミラノコレクション	3
55	0	185	0	獣雪光華	3
55	0	185	1	獣雪光華	3
55	0	185	10	獣雪光華	3
55	0	185	11	獣雪光華	3
55	0	186	0	ちび軍師の旅路	3
55	0	186	10	ちび軍師の旅路	3
55	0	189	0	CODE:189	1
55	0	189	1	CODE:189	1
55	0	191	0	やどのゆ	4
55	0	191	1	やどのゆ	4
55	0	191	10	やどのゆ	4
55	0	191	11	やどのゆ	4
55	0	192	0	すーぱーふぇありぃ御一行様魔サラ小隊	2
55	0	192	1	すーぱーふぇありぃ御一行様	1
55	0	195	0	ただのからあげ食べ放題	1
55	0	195	1	オポポスタンをよろしく！	4
55	0	195	10	ただのからあげ食べ放題	1
55	0	196	0	メルネット冬も暖かいほわほわ鍋	8
55	0	196	1	メルネット	1
55	0	197	0	第197一揆小隊	4
55	0	197	1	第197一揆小隊	4
55	0	200	0	リボン探検隊	3
55	0	200	1	木漏れ日テスタメント	4
55	0	201	0	第201一揆小隊	1
55	0	204	0	第2200一揆小隊	1
55	0	204	1	こんばんわｗｗアジアの歌姫内藤ですｗｗｗ	4
55	0	204	11	こんばんわｗｗアジアの歌姫内藤ですｗｗｗ	4
55	0	209	1	バベル	2
55	0	209	10	バベル	2
55	0	209	11	バベル	2
55	0	210	0	第956一揆小隊	4
55	0	210	1	第956一揆小隊	4
55	0	217	0	七草粥は食べましたか	2
55	0	217	1	賑やか戦隊エンブリヲン	4
55	0	217	11	賑やか戦隊エンブリヲン	4
55	0	221	0	第221一揆小隊	4
55	0	221	1	第221一揆小隊	4
55	0	222	0	木漏れ日テスタメント	4
55	0	223	0	特攻野郎Ｂチーム	4
55	0	223	1	特攻野郎Ｂチーム特攻野郎Ｂチーム	8
55	0	223	10	特攻野郎Ｂチーム	4
55	0	226	0	ジュエリーフォース	2
55	0	228	0	狂骨の夢	4
55	0	228	1	狂骨の夢	4
55	0	232	0	やあ	1
55	0	232	1	やあ	1
55	0	232	10	やあ	1
55	0	234	0	はむすたー探索し隊	4
55	0	234	1	はむすたー探索し隊	4
55	0	234	11	はむすたー探索し隊	4
55	0	235	0	第1509一揆小隊	4
55	0	235	1	第1509一揆小隊	4
55	0	236	0	第236一揆小隊	2
55	0	236	1	第236一揆小隊	2
55	0	237	0	○○のライフはゼロよ！！	4
55	0	237	1	○○のライフはゼロよ！！	3
55	0	237	10	○○のライフはゼロよ！！	4
55	0	238	0	これ、戦争なんだよね	4
55	0	238	1	これ、戦争なんだよね	4
55	0	238	10	これ、戦争なんだよね	4
55	0	238	11	これ、戦争なんだよね	4
55	0	240	0	何か桃い人	1
55	0	240	1	何か桃い人	1
55	0	241	1	○○のライフはゼロよ！！	1
55	0	241	11	○○のライフはゼロよ！！	1
55	0	242	0	農民のちょっといいとこ見てみ隊	4
55	0	242	1	農民のちょっといいとこ見てみ隊	4
55	0	243	0	ただ強さのみを	1
55	0	243	1	ガラクタの山	3
55	0	243	10	ただ強さのみを	1
55	0	243	11	ガラクタの山	3
55	0	244	0	薔薇と毒薬	1
55	0	244	1	薔薇と毒薬	1
55	0	244	10	薔薇と毒薬	1
55	0	244	11	薔薇と毒薬	1
55	0	246	0	旅行者	1
55	0	246	1	旅行者	1
55	0	246	10	旅行者	1
55	0	247	0	第247一揆小隊	4
55	0	247	1	第247一揆小隊	4
55	0	248	0	QUARTET★NIGHT	4
55	0	248	1	QUARTET★NIGHT	4
55	0	251	0	きんいろ　ぎんいろ	2
55	0	251	1	きんいろ　ぎんいろ	2
55	0	253	0	農民のちょっといいとこ見てみ隊	4
55	0	253	1	農民のちょっといいとこ見てみ隊	4
55	0	255	1	メルネット	1
55	0	256	0	第1289一揆小隊	2
55	0	256	1	第1289一揆小隊	4
55	0	256	10	第1289一揆小隊	2
55	0	260	0	木漏れ日テスタメント	4
55	0	260	1	だから農民でも武装でも細胞でもねえって言	4
55	0	260	11	だから農民でも武装でも細胞でもねえって言	4
55	0	261	0	第261一揆小隊	2
55	0	264	0	隼独立機動隊	4
55	0	264	1	隼独立機動隊	2
55	0	269	1	魔サラ小隊	1
55	0	273	0	ダーティペアなどてらい男＋	2
55	0	273	1	ダーティペアなどてらい男＋	3
55	0	274	1	第245一揆小隊	1
55	0	276	0	鎌舞小隊	4
55	0	276	1	鎌舞小隊	4
55	0	276	10	鎌舞小隊	4
55	0	276	11	鎌舞小隊	4
55	0	277	0	ふしぎなしゅうだん	3
55	0	277	1	ふしぎなしゅうだん	3
55	0	283	0	Que sera sera	4
55	0	283	1	Que sera sera	3
55	0	290	0	第659一揆小隊	4
55	0	290	1	第659一揆小隊	4
55	0	290	10	第659一揆小隊	4
55	0	297	0	輪廻の白羊	1
55	0	297	1	輪廻の白羊	2
55	0	300	10	エンゼルニャイツ	1
55	0	301	0	第301一揆小隊	3
55	0	301	1	第301一揆小隊	3
55	0	308	0	第308一揆小隊	1
55	0	308	1	第308一揆小隊	1
55	0	309	0	虹色天幕	2
55	0	309	1	虹色天幕	2
55	0	309	11	虹色天幕	2
55	0	310	0	魔サラタウンにさよならバイバイ	2
55	0	310	1	魔サラタウンにさよならバイバイ	1
55	0	311	0	お気楽ユナの徒然日記	3
55	0	311	1	お気楽ユナの徒然日記	3
55	0	312	1	リボン探検隊	2
55	0	313	0	ロリとOっぱいマウスパッド	4
55	0	313	1	ロリとOっぱいマウスパッド	4
55	0	314	0	死線	4
55	0	314	1	死線	4
55	0	315	1	メルネット	1
55	0	317	0	三本の矢と竹棍の冒険	4
55	0	317	1	三本の矢と竹棍の冒険	4
55	0	317	10	三本の矢と竹棍の冒険	4
55	0	317	11	三本の矢と竹棍の冒険	4
55	0	318	0	第370一揆小隊	2
55	0	318	1	第370一揆小隊	2
55	0	318	11	第370一揆小隊	2
55	0	321	0	友達募集隊	4
55	0	321	1	友達募集隊	4
55	0	323	0	アンダー・ハイディング	2
55	0	323	1	アンダー・ハイディング	2
55	0	325	0	求）眠気覚まし	4
55	0	327	0	霊障くらぶ	1
55	0	327	1	Fear of Behind	3
55	0	327	11	Fear of Behind	3
55	0	329	1	久遠のストラグラー	1
55	0	330	0	ルージュと林檎と竹輪	3
55	0	330	1	ルージュと林檎と竹輪	4
55	0	330	11	ルージュと林檎と竹輪	4
55	0	333	1	Mermbsteura	4
55	0	334	0	ご主人様と従者	2
55	0	334	1	ご主人様と従者	2
55	0	335	1	冬も暖かいほわほわ鍋	4
55	0	335	11	冬も暖かいほわほわ鍋	4
55	0	337	0	勝利のクァドリガ	1
55	0	337	1	勝利のクァドリガ	1
55	0	337	10	勝利のクァドリガ	1
55	0	337	11	勝利のクァドリガ	1
55	0	339	0	さやえんどう	1
55	0	339	1	さやえんどう	1
55	0	339	10	さやえんどう	1
55	0	339	11	さやえんどう	1
55	0	340	0	第340一揆小隊	4
55	0	340	1	第340一揆小隊	4
55	0	344	0	羽蟻のアイデンティティを求めて	3
55	0	344	1	羽蟻のアイデンティティを求めて	3
55	0	344	10	羽蟻のアイデンティティを求めて	3
55	0	344	11	羽蟻のアイデンティティを求めて	3
55	0	348	0	交換日記のネタを探し隊	2
55	0	348	1	交換日記のネタを探し隊	2
55	0	354	0	第1582一揆小隊	4
55	0	354	1	第1582一揆小隊	4
55	0	354	11	第1582一揆小隊	4
55	0	355	0	魔王軍	1
55	0	357	0	悪意の魔女	1
55	0	357	1	悪意の魔女	1
55	0	359	0	第2531一揆小隊	4
55	0	359	1	「・ω・）「＜がおー	3
55	0	365	0	第365一揆小隊	1
55	0	365	1	第365一揆小隊	1
55	0	367	0	第632一揆小隊	4
55	0	367	1	第632一揆小隊	4
55	0	369	0	ドラゴンクリスタル	4
55	0	369	1	ドラゴンクリスタル	4
55	0	369	10	ドラゴンクリスタル	4
55	0	369	11	ドラゴンクリスタル	4
55	0	376	0	ZefeltearisZefeltearis	5
55	0	376	1	Zefeltearis	4
55	0	379	0	アフロ・キノコ・トリトン・カメロット	4
55	0	379	1	アフロ・キノコ・トリトン・カメロット	4
55	0	380	0	3人ぶらり旅	4
55	0	380	1	3人ぶらり旅	4
55	0	380	11	3人ぶらり旅	4
55	0	381	0	大きく三つ！小さく三つ！それ行け一揆！！	1
55	0	381	1	大きく三つ！小さく三つ！それ行け一揆！！	1
55	0	384	1	ジュエリーフォース	1
55	0	384	10	ジュエリーフォース	3
55	0	385	0	猫のお墓の前で泣かないで下さい	1
55	0	385	1	猫のお墓の前で泣かないで下さい	2
55	0	385	11	猫のお墓の前で泣かないで下さい	2
55	0	386	0	第386一揆小隊	1
55	0	386	1	第386一揆小隊	1
55	0	389	0	チームえびふりゃー	4
55	0	389	1	チームえびふりゃー	4
55	0	391	1	第65一揆小隊	2
55	0	392	0	ハンター２人と猫２匹の採取PT	3
55	0	392	1	ハンター２人と猫２匹の採取PT	3
55	0	392	10	ハンター２人と猫２匹の採取PT	3
55	0	393	0	だから農民でも武装でも細胞でもねえって言	2
55	0	394	0	第404一揆小隊	4
55	0	394	1	第404一揆小隊	4
55	0	396	0	探求者と風雷と紫水晶の旅	2
55	0	396	1	探求者と風雷と紫水晶の旅	1
55	0	397	1	木漏れ日テスタメント	3
55	0	400	0	ホワイトブリーズ	4
55	0	400	1	ホワイトブリーズ	4
55	0	406	0	私とトラクター	2
55	0	406	1	私とトラクター	2
55	0	410	0	第410一人でも一揆小隊	1
55	0	410	1	第410一人でも一揆小隊	1
55	0	411	0	チームからあげ	3
55	0	411	1	チームからあげ	3
55	0	412	0	鳥の翼を持つメイド	1
55	0	412	1	鳥の翼を持つメイド	1
55	0	412	11	鳥の翼を持つメイド	1
55	0	413	0	水辺に沈む鎧と狐	3
55	0	413	1	水辺に沈む鎧と狐	3
55	0	413	10	水辺に沈む鎧と狐	3
55	0	414	0	第1494一揆小隊	4
55	0	414	1	第1494一揆小隊	4
55	0	414	11	第1494一揆小隊	4
55	0	418	1	木漏れ日テスタメント	3
55	0	419	0	フロウたんのミルクちゅっぱちゅっぱしたい	4
55	0	419	1	フロウたんのミルクちゅっぱちゅっぱしたい	2
55	0	419	10	フロウたんのミルクちゅっぱちゅっぱしたい	4
55	0	419	11	フロウたんのミルクちゅっぱちゅっぱしたい	2
55	0	420	0	「・ω・）「＜がおー	1
55	0	420	1	「・ω・）「＜がおー	1
55	0	421	0	GOD	1
55	0	421	1	GOD	1
55	0	422	0	甘味道中	2
55	0	422	1	ミルフィーユと下僕と愉快な仲間たち	4
55	0	423	1	眼鏡モラトリアム	2
55	0	423	11	眼鏡モラトリアム	2
55	0	425	0	第425一揆小隊	1
55	0	425	1	第425一揆小隊	1
55	0	427	0	モフモフ☆シトラス	2
55	0	427	1	モフモフ☆シトラス	2
55	0	428	1	魔サラタウンにさよならバイバイ	1
55	0	429	0	「・ω・）「＜がおー	2
55	0	430	1	テセラストイケイア	4
55	0	432	0	一揆を助け隊	2
55	0	432	10	一揆を助け隊	2
55	0	433	0	第433一揆小隊	1
55	0	433	1	第433一揆小隊	1
55	0	433	10	第433一揆小隊	1
55	0	434	0	えきぞちっくジャペン！	1
55	0	434	1	えきぞちっくジャペン！	1
55	0	435	0	第435一揆小隊第435一揆小隊	4
55	0	435	1	第435一揆小隊	4
55	0	436	0	ブライトクルーシブル	2
55	0	436	1	ブライトクルーシブルブライトクルーシブル	4
55	0	436	10	ブライトクルーシブル	2
55	0	436	11	ブライトクルーシブル	2
55	0	437	0	第437一揆小隊	1
55	0	437	1	第437一揆小隊	1
55	0	439	0	（（（（・ω・）	1
55	0	439	1	（（（（・ω・）	1
55	0	442	1	ちび軍師の旅路	1
55	0	443	0	第443一揆小隊	2
55	0	443	1	第443一揆小隊	2
55	0	445	0	第445一揆小隊	3
55	0	445	1	三人に勝てるわけないだろ！！	3
55	0	445	10	第445一揆小隊	3
55	0	445	11	三人に勝てるわけないだろ！！	3
55	0	449	0	第1952一揆小隊	2
55	0	449	1	第1952一揆小隊	2
55	0	450	0	第450一揆小隊	2
55	0	450	10	第450一揆小隊	2
55	0	451	0	粥に釣られ隊	4
55	0	451	1	粥に釣られ隊	2
55	0	453	0	雪に牡丹	4
55	0	453	1	雪に牡丹	4
55	0	453	10	雪に牡丹	4
55	0	455	0	ガラクタの山	1
55	0	455	10	ガラクタの山	1
55	0	459	1	霊障くらぶ	1
55	0	463	0	人形工房	4
55	0	463	1	人形工房	4
55	0	463	10	人形工房	4
55	0	463	11	人形工房	4
55	0	464	0	チームてんぷら	3
55	0	464	1	チームてんぷら	2
55	0	467	0	ふしぎなたびびと	3
55	0	467	1	ふしぎなたびびと	3
55	0	470	0	第470一揆小隊	1
55	0	470	1	第470一揆小隊	3
55	0	473	0	全ての孤独のために	1
55	0	473	1	全ての孤独のために	1
55	0	474	1	三人に勝てるわけないだろ！！	3
55	0	474	11	三人に勝てるわけないだろ！！	3
55	0	475	0	花喰らい	2
55	0	475	1	花喰らい	1
55	0	482	0	第482一揆小隊	1
55	0	482	1	第482一揆小隊	1
55	0	484	0	チームサティスファクション	4
55	0	484	10	チームサティスファクション	4
55	0	492	0	派遣部隊チームα	1
55	0	493	0	生活費を求めて	1
55	0	493	1	生活費を求めて	1
55	0	494	0	ゴミ山の厄介者	2
55	0	494	1	ゴミ山の厄介者	2
55	0	496	0	第496一揆小隊	3
55	0	496	1	第496一揆小隊	3
55	0	497	0	闘う者達	4
55	0	497	1	闘う者達	4
55	0	497	10	闘う者達	4
55	0	497	11	闘う者達	4
55	0	500	0	猫3匹と何かが3匹	2
55	0	504	0	ãã®ãããæ¦é(◉â¡◉)ï¼	2
55	0	512	0	第512一揆小隊	3
55	0	512	1	第512一揆小隊	3
55	0	512	10	第512一揆小隊	3
55	0	515	1	探求者と風雷と紫水晶の旅	1
55	0	525	0	幻の海老湯温泉郷	4
55	0	525	1	幻の海老湯温泉郷	4
55	0	527	0	第2154一揆小隊	2
55	0	527	1	第2154一揆小隊	2
55	0	528	0	第572一揆小隊	4
55	0	528	1	第572一揆小隊立直一発七対子裏小なの隊	7
55	0	529	0	第543一揆小隊	4
55	0	529	1	第543一揆小隊	4
55	0	533	0	【 偽 】	1
55	0	533	11	特攻野郎Ｂチーム	4
55	0	542	0	少女たちの叙事詩	3
55	0	542	1	少女たちの叙事詩	3
55	0	552	1	息抜きの合間に人生	1
55	0	552	10	息抜きの合間に人生	4
55	0	556	0	宣誓の胚	4
55	0	556	10	宣誓の胚	4
55	0	558	0	第558一揆小隊	1
55	0	560	0	主をたずねて三千世界	3
55	0	560	1	こんばんわｗｗアジアの歌姫内藤ですｗｗｗ	4
55	0	560	11	こんばんわｗｗアジアの歌姫内藤ですｗｗｗ	4
55	0	564	0	第564一揆小隊	3
55	0	564	1	第564一揆小隊	3
55	0	564	10	第564一揆小隊	3
55	0	564	11	第564一揆小隊	3
55	0	565	0	変態ゼミナール	4
55	0	565	1	変態ゼミナール	4
55	0	565	10	変態ゼミナール	4
55	0	565	11	変態ゼミナール	4
55	0	569	0	私が勝てないのはどう考えても箱が悪い！	4
55	0	569	1	私が勝てないのはどう考えても箱が悪い！	3
55	0	569	10	私が勝てないのはどう考えても箱が悪い！	4
55	0	569	11	私が勝てないのはどう考えても箱が悪い！	3
55	0	575	0	ぴかぴかホムンクルス	1
55	0	575	1	ぴかぴかホムンクルス	1
55	0	578	1	私はもふもふ　あなたももふもふ	3
55	0	580	0	オポポスタンをよろしく！	1
55	0	580	10	オポポスタンをよろしく！	1
55	0	582	0	第582一揆小隊	3
55	0	582	1	第582一揆小隊	3
55	0	583	0	第236一揆小隊	1
55	0	583	1	第236一揆小隊	1
55	0	587	0	鰊組登山グループ	6
55	0	587	1	鰊組	3
55	0	588	0	求道とは	1
55	0	589	0	第589一揆小隊	1
55	0	589	1	第589一揆小隊	1
55	0	593	0	行き当たりばったりな冒険	1
55	0	593	1	行き当たりばったりな冒険	1
55	0	600	0	唐揚げはお塩で食べ隊	4
55	0	600	1	唐揚げはお塩で食べ隊	4
55	0	600	10	唐揚げはお塩で食べ隊	4
55	0	600	11	唐揚げはお塩で食べ隊	4
55	0	603	0	凸凹な4人	1
55	0	603	1	凸凹な4人	1
55	0	604	0	その闘い、砂漠の獣の如し	1
55	0	604	1	その闘い、砂漠の獣の如し	1
55	0	605	0	第1アルコール中隊	4
55	0	605	1	ALC旅団	4
55	0	612	0	スノリト	2
55	0	612	1	スノリト	2
55	0	614	0	第614一揆小隊	1
55	0	616	0	焼いても茹でてもいけません	1
55	0	616	1	精肉業者がなぜか怖い	3
55	0	620	0	賑やか戦隊エンブリヲン	1
55	0	623	0	黄色と白は何かの印24時間戦えません	2
55	0	623	1	黄色と白は何かの印24時間戦えません	2
55	0	624	0	精肉業者がなぜか怖い	2
55	0	629	0	第629一揆迷走隊	1
55	0	629	1	第629一揆迷走隊	1
55	0	634	0	進化の過程　-ねずみは月に飛べるのか-	2
55	0	634	10	進化の過程　-ねずみは月に飛べるのか-	2
55	0	641	0	Card Magic	1
55	0	641	1	Card Magic	1
55	0	642	0	ちびいち一揆小隊	1
55	0	642	1	ちびいち一揆小隊	1
55	0	643	0	マリアさんご一行	2
55	0	643	1	マリアさんご一行	4
55	0	647	0	第647一揆小隊	2
55	0	650	0	生足魅惑のワカメイド	4
55	0	650	1	生足魅惑のワカメイド	4
55	0	655	0	有罪モラトリアム	1
55	0	655	1	有罪モラトリアム	1
55	0	656	0	へんなひとたち	4
55	0	656	1	へんなひとたち	4
55	0	657	0	流浪の占術師	3
55	0	660	0	ミルフィーユと下僕と愉快な仲間たち	2
55	0	660	10	ミルフィーユと下僕と愉快な仲間たち	2
55	0	661	0	こんばんわｗｗアジアの歌姫内藤ですｗｗｗ	4
55	0	661	10	こんばんわｗｗアジアの歌姫内藤ですｗｗｗ	4
55	0	662	0	Light Snow	4
55	0	662	1	Light Snow	3
55	0	667	0	アレクサンダーイブリス・ホーム	4
55	0	667	1	アレクサンダーイブリス・ホーム	4
55	0	669	0	(＾ΦωΦ＾)やめーや！	4
55	0	669	1	(＾ΦωΦ＾)やめーや！	1
55	0	669	10	(＾ΦωΦ＾)やめーや！	4
55	0	674	0	100％中の100％	4
55	0	674	1	100％中の100％	4
55	0	674	10	100％中の100％	4
55	0	674	11	100％中の100％	4
55	0	677	0	鋼のもふもふ亭	3
55	0	677	1	鋼のもふもふ亭	3
55	0	678	0	第787一揆小隊	4
55	0	678	1	第787一揆小隊	4
55	0	685	0	第685一揆小隊	3
55	0	685	1	第685一揆小隊	3
55	0	686	0	686番目の来訪者	1
55	0	687	1	宣誓の胚	4
55	0	687	11	宣誓の胚	4
55	0	694	0	第694一揆小隊	3
55	0	694	1	第694一揆小隊	3
55	0	696	0	第2060一揆小隊	4
55	0	696	1	第2060一揆小隊	4
55	0	696	11	第2060一揆小隊	4
55	0	698	0	第614一揆小隊	2
55	0	698	1	第614一揆小隊	1
55	0	701	0	第701一揆小隊	2
55	0	703	0	Juha in Melntese	1
55	0	703	1	Juha in Melntese	1
55	0	704	0	ダイ・ハード動物園派遣隊	1
55	0	704	1	ダイ・ハード動物園派遣隊	1
55	0	704	10	ダイ・ハード動物園派遣隊	1
55	0	704	11	ダイ・ハード動物園派遣隊	1
55	0	705	0	第705一揆小隊	2
55	0	705	1	第705一揆小隊	4
55	0	707	0	第1088一揆小隊	2
55	0	707	1	第1088一揆小隊	2
55	0	707	10	第1088一揆小隊	2
55	0	709	0	なかよしかぞく	2
55	0	709	1	なかよしかぞく	2
55	0	710	0	闇鍋と謎の具達	4
55	0	710	1	闇鍋と謎の具達	4
55	0	711	0	第711一揆小隊	1
55	0	713	0	立花家一揆方面軍（総勢4名）第738一揆小隊	2
55	0	713	1	立花家一揆方面軍（総勢4名）	4
55	0	716	0	第716一揆小隊	1
55	0	716	1	第716一揆小隊	1
55	0	718	0	第718一揆小隊	2
55	0	718	1	第718一揆小隊	2
55	0	718	11	第718一揆小隊	2
55	0	722	0	第722一揆小隊	1
55	0	723	0	こっそり一揆に紛れ込む人	1
55	0	723	1	こっそり一揆に紛れ込む人	1
55	0	724	0	三人に勝てるわけないだろ！！	3
55	0	724	10	三人に勝てるわけないだろ！！	3
55	0	726	0	第726傭兵小隊	2
55	0	726	1	第726傭兵小隊	2
55	0	732	0	Schlange Herz	1
55	0	732	1	Schlange Herz	1
55	0	732	11	Schlange Herz	1
55	0	734	1	メルネット	1
55	0	736	0	第736一揆小隊	4
55	0	736	1	第736一揆小隊	4
55	0	736	10	第736一揆小隊	4
55	0	739	1	虹色天幕	2
55	0	739	11	虹色天幕	2
55	0	744	0	第1764一揆小隊	4
55	0	744	1	第1764一揆小隊	4
55	0	745	0	糧を求めて	1
55	0	745	1	糧を求めて	1
55	0	747	0	森林盗賊団	4
55	0	747	1	森林盗賊団	4
55	0	747	10	森林盗賊団	4
55	0	758	0	おもしろどうぶつ王国	4
55	0	758	1	おもしろどうぶつ王国	4
55	0	758	11	おもしろどうぶつ王国	4
55	0	761	0	夜行く導き	4
55	0	761	1	夜行く導き	4
55	0	769	0	第769一揆小隊	2
55	0	769	1	第769一揆小隊	2
55	0	772	0	(「・ω・)「・ω・)「ガオー	2
55	0	772	1	(「・ω・)「・ω・)「ガオー	2
55	0	773	0	やめろ、それはおはぎではない。	4
55	0	773	1	やめろ、それはおはぎではない。	4
55	0	775	0	第17混成小隊	4
55	0	775	1	第17混成小隊第17混成小隊	4
55	0	778	0	第778一揆小隊	3
55	0	779	0	王様たおして皆の笑顔を守り隊	3
55	0	779	1	王様たおして皆の笑顔を守り隊	3
55	0	780	0	星界の報告	1
55	0	780	1	星界の報告	1
55	0	783	0	レベルを上げて物理で殴る	3
55	0	783	1	レベルを上げて物理で殴る	3
55	0	785	0	第951一揆小隊	3
55	0	785	1	第951一揆小隊	3
55	0	792	0	第792一揆小隊	1
55	0	792	1	第792一揆小隊	1
55	0	793	0	きのこは食べられません	4
55	0	793	1	きのこは食べられません	4
55	0	797	0	＾q＾）・・・・・・	2
55	0	797	1	＾q＾）・・・・・・	2
55	0	804	0	一人一揆歩く裁縫人	2
55	0	804	1	一人一揆	3
55	0	804	10	一人一揆	1
55	0	809	1	フロウたんのミルクちゅっぱちゅっぱしたい	2
55	0	810	0	第810一揆小隊	3
55	0	810	1	第810一揆小隊	3
55	0	812	0	第812一揆小隊	1
55	0	824	0	第824一揆小隊	1
55	0	824	1	第824一揆小隊	1
55	0	827	1	ãã®ãããæ¦é(◉â¡◉)ï¼	1
55	0	832	0	白糸ノ者	1
55	0	832	1	白糸ノ者	1
55	0	841	0	第841一揆小隊	4
55	0	841	1	第841一揆小隊	4
55	0	842	1	Light Snow第2661一揆小隊	4
55	0	842	11	Light Snow	2
55	0	845	0	レミエルとゆーコト聞くステキな下僕たち	4
55	0	845	1	レミエルとゆーコト聞くステキな下僕たち	4
55	0	850	0	マヨネー's	4
55	0	850	1	マヨネー's	4
55	0	850	10	マヨネー's	4
55	0	850	11	マヨネー's	4
55	0	854	0	Buono！	2
55	0	854	1	Buono！	2
55	0	858	0	茣蓙	1
55	0	858	1	第2199一揆小隊	2
55	0	872	1	粥に釣られ隊	2
55	0	874	0	第874一揆小隊	1
55	0	874	1	第874一揆小隊	1
55	0	876	0	FRAGMENTs	2
55	0	876	11	ヴェルヴェットガーデン	2
55	0	878	0	廊下は走らない	1
55	0	878	1	第993一揆小隊	3
55	0	878	11	第993一揆小隊	3
55	0	879	0	霊障くらぶリミックス霊障くらぶ	3
55	0	879	1	霊障くらぶリミックス	1
55	0	880	0	求める者達	3
55	0	880	1	求める者達	4
55	0	880	11	求める者達	4
55	0	881	0	移動もふもふ喫茶	3
55	0	881	10	移動もふもふ喫茶	3
55	0	885	1	霊障くらぶ	1
55	0	888	0	名もなき部族	2
55	0	888	1	名もなき部族	2
55	0	890	1	(＾ΦωΦ＾)やめーや！	3
55	0	890	11	(＾ΦωΦ＾)やめーや！	3
55	0	891	0	アラシガオカ	2
55	0	891	1	アラシガオカ	2
55	0	893	0	天衣無縫	1
55	0	893	1	天衣無縫Light Snow	3
55	0	899	0	燐火小隊	2
55	0	907	0	虹色天幕	1
55	0	908	1	第1088一揆小隊	2
55	0	908	11	第1088一揆小隊	2
55	0	921	0	第1637一揆小隊	4
55	0	921	1	第1637一揆小隊	4
55	0	922	0	第922一揆小隊	1
55	0	922	1	第922一揆小隊	1
55	0	927	0	風の旅人	4
55	0	927	1	風の旅人	4
55	0	932	0	第964一揆小隊	3
55	0	932	1	第964一揆小隊	3
55	0	936	0	やっはろ〜	1
55	0	936	1	やっはろ〜	1
55	0	939	0	白いエルフと黒いエロフ　黒いお嬢もあるよ	3
55	0	939	1	白いエルフと黒いエロフ　黒いお嬢もあるよ	3
55	0	941	0	たゆたうカンナ	1
55	0	941	10	たゆたうカンナ	1
55	0	946	0	赤	2
55	0	946	1	赤	2
55	0	946	11	赤	2
55	0	958	0	ふわもこーず	1
55	0	958	1	ふわもこーず	1
55	0	958	11	ふわもこーず	1
55	0	960	0	第960一揆小隊	1
55	0	961	0	黒いあかりん小隊	1
55	0	961	1	黒いあかりん小隊	1
55	0	972	0	サーカスにいそうな集団	1
55	0	972	1	サーカスにいそうな集団	2
55	0	975	0	カーラーン騎士団	1
55	0	975	1	カーラーン騎士団	1
55	0	978	0	ニューひつじのむれ	3
55	0	978	1	ニューひつじのむれ	4
55	0	980	1	求）眠気覚まし求）眠気覚まし	4
55	0	986	0	静かなる歩み闘わないで生き残りたい	5
55	0	986	10	静かなる歩み	3
55	0	989	0	メルンテーゼでからあげ食べ放題！	1
55	0	993	0	第993一揆小隊	2
55	0	997	0	ゴリアンナの憂鬱	2
55	0	1005	0	七草粥は食べましたか	1
55	0	1006	0	アイドル伝説ララ子	2
55	0	1006	1	アイドル伝説ララ子	4
55	0	1010	0	戦場散歩	4
55	0	1010	1	戦場散歩	4
55	0	1010	10	戦場散歩	4
55	0	1010	11	戦場散歩	4
55	0	1011	0	第1011一揆小隊	1
55	0	1011	1	第1011一揆小隊	1
55	0	1012	0	第1012一揆小隊	1
55	0	1012	1	第1012一揆小隊	1
55	0	1016	0	この中に一人だけ可憐な女性が居ます	1
55	0	1016	1	この中に一人だけ可憐な女性が居ます	1
55	0	1018	1	息抜きの合間に人生	1
55	0	1023	0	ヴァルハラに行く準備はできたかね？	2
55	0	1023	1	ヴァルハラに行く準備はできたかね？	4
55	0	1026	0	実践テスト中試作ロボ	1
55	0	1026	1	実践テスト中試作ロボ	1
55	0	1026	10	実践テスト中試作ロボ	1
55	0	1026	11	実践テスト中試作ロボ	1
55	0	1029	0	砂糖精製所一揆方面隊	4
55	0	1029	1	砂糖精製所一揆方面隊	4
55	0	1031	0	LiA	3
55	0	1031	1	LiA	3
55	0	1034	0	おいなりさんたべたい	1
55	0	1034	1	おいなりさんたべたい	1
55	0	1034	10	おいなりさんたべたい	1
55	0	1034	11	おいなりさんたべたい	1
55	0	1036	0	立花家一揆方面軍（総勢4名）	1
55	0	1041	0	集いし銀	4
55	0	1041	1	集いし銀	4
55	0	1041	10	集いし銀	4
55	0	1041	11	集いし銀	4
55	0	1047	0	第1047一揆小隊	4
55	0	1047	1	第1047一揆小隊	4
55	0	1051	0	第1051一揆小隊	1
55	0	1051	1	第1051一揆小隊	1
55	0	1052	0	第1052一揆小隊	2
55	0	1052	1	第1052一揆小隊	2
55	0	1055	0	第1055一揆小隊	1
55	0	1055	1	第1055一揆小隊	1
55	0	1057	1	ジュエリーフォース	1
55	0	1067	0	花鳥風月	1
55	0	1067	1	宣誓の胚	4
55	0	1067	11	宣誓の胚	4
55	0	1068	1	息抜きの合間に人生	1
55	0	1071	0	きゅうりに蜂蜜かけたら美味いよな	2
55	0	1071	1	きゅうりに蜂蜜かけたら美味いよな	2
55	0	1075	0	第1075一揆小隊	1
55	0	1075	1	第1075一揆小隊	1
55	0	1078	0	ワイルドフロンティア	2
55	0	1078	1	ワイルドフロンティア	2
55	0	1083	0	第1409一揆小隊	4
55	0	1083	1	第1409一揆小隊	4
55	0	1093	0	#四天王のテーマ	4
55	0	1093	1	#四天王のテーマ	4
55	0	1094	0	第1094一揆アホ毛小隊	3
55	0	1094	1	第1094一揆アホ毛小隊	3
55	0	1095	0	戦うあなたのための甘味処	2
55	0	1095	1	戦うあなたのための甘味処	2
55	0	1106	0	札束で頬を叩くアイドル	2
55	0	1116	0	シロ＆クロウ&ちぃ と愉快なナマモノ達	1
55	0	1116	1	第2200一揆小隊	2
55	0	1122	1	息抜きの合間に人生	1
55	0	1124	0	第1124一揆小隊	3
55	0	1124	1	第1124一揆小隊	3
55	0	1127	0	第1127一揆小隊	1
55	0	1127	1	第1127一揆小隊	1
55	0	1130	0	暴夜の詐欺師	1
55	0	1130	1	暴夜の詐欺師	1
55	0	1132	0	アステリズム	3
55	0	1132	1	アステリズム	3
55	0	1137	0	第1137一揆小隊	1
55	0	1137	1	第1137一揆小隊	1
55	0	1139	0	えいぎょういっか	4
55	0	1139	1	えいぎょういっか	4
55	0	1144	0	下柘植忍軍	4
55	0	1144	1	下柘植忍軍	3
55	0	1144	10	下柘植忍軍	4
55	0	1144	11	下柘植忍軍	3
55	0	1150	0	JOY勢	4
55	0	1150	1	JOY勢	4
55	0	1150	10	JOY勢	4
55	0	1150	11	JOY勢	4
55	0	1151	0	理論上迷子	1
55	0	1151	1	理論上迷子	1
55	0	1155	0	だから農民でも武装でも細胞でもねえって言	2
55	0	1155	1	だから農民でも武装でも細胞でもねえって言	2
55	0	1159	0	下柘植忍軍	4
55	0	1159	1	下柘植忍軍	3
55	0	1159	10	下柘植忍軍	4
55	0	1159	11	下柘植忍軍	3
55	0	1160	0	第1160一揆小隊	1
55	0	1160	1	第1160一揆小隊	1
55	0	1162	0	Gothic Dolls	1
55	0	1162	1	Gothic Dolls	1
55	0	1162	10	Gothic Dolls	1
55	0	1162	11	Gothic Dolls	1
55	0	1168	0	第1168一揆小隊	1
55	0	1168	1	第1168一揆小隊	1
55	0	1178	0	Wind Travel	1
55	0	1180	0	百揆夜耕	4
55	0	1180	1	百揆夜耕	4
55	0	1181	0	第一一八一他世界取材班	1
55	0	1181	1	第一一八一他世界取材班	1
55	0	1183	0	Truth on the march	3
55	0	1183	1	Truth on the march	3
55	0	1187	0	DG/本隊『ジェームチュク』	4
55	0	1187	1	DG/本隊『ジェームチュク』	4
55	0	1188	0	第1197一揆小隊	4
55	0	1188	1	第1197一揆小隊	4
55	0	1188	11	第1197一揆小隊	4
55	0	1191	1	sugar spot	1
55	0	1192	0	サバイバリスト	1
55	0	1192	1	サバイバリスト	1
55	0	1193	1	下柘植忍軍	2
55	0	1195	0	グリーングリーンズ	2
55	0	1198	0	第1198一揆小隊	2
55	0	1198	1	第1198一揆小隊	1
55	0	1199	0	『アルムーリフ』『アルムーリフ』	4
55	0	1199	1	『アルムーリフ』	4
55	0	1206	0	ああ、アホ毛	1
55	0	1210	0	『アルスハイル』	4
55	0	1210	1	『アルスハイル』	4
55	0	1216	0	第1218一揆小隊	4
55	0	1216	1	第1218一揆小隊	4
55	0	1220	0	＊＊＊	1
55	0	1220	1	＊＊＊	1
55	0	1221	0	DtM	1
55	0	1221	1	DtM	1
55	0	1227	0	虹色天幕	1
55	0	1228	0	主とおっさん	1
55	0	1228	1	主とおっさん	1
55	0	1228	11	主とおっさん	1
55	0	1229	0	一揆当千	4
55	0	1229	1	一揆当千	4
55	0	1229	10	一揆当千	4
55	0	1236	0	第1279一揆小隊	4
55	0	1236	1	第1279一揆小隊	4
55	0	1236	11	第1279一揆小隊	4
55	0	1237	0	平原を探索し隊	1
55	0	1248	0	放浪農民	1
55	0	1248	1	放浪農民	1
55	0	1250	0	彷徨う樵	1
55	0	1250	1	彷徨う樵	1
55	0	1251	0	第1251一揆小隊	1
55	0	1251	1	第1251一揆小隊	1
55	0	1254	0	魔法生物研究隊（物理）	1
55	0	1254	1	魔法生物研究隊（物理）	1
55	0	1254	10	魔法生物研究隊（物理）	1
55	0	1254	11	魔法生物研究隊（物理）	1
55	0	1255	0	【花屋敷】花鳥風月	4
55	0	1255	1	【花屋敷】花鳥風月	2
55	0	1257	1	こんばんわｗｗアジアの歌姫内藤ですｗｗｗ	2
55	0	1259	0	カーライル探検隊	2
55	0	1259	1	カーライル探検隊	4
55	0	1259	10	カーライル探検隊	2
55	0	1261	0	第1261一揆小隊	1
55	0	1261	1	第1261一揆小隊	1
55	0	1268	0	愉快な猫スライム？	1
55	0	1268	1	愉快な猫スライム？	1
55	0	1270	0	シャロンの花	2
55	0	1270	1	シャロンの花	2
55	0	1272	0	虚ろの魔女	1
55	0	1272	10	虚ろの魔女	1
55	0	1273	0	マーシナリマシーン	1
55	0	1273	1	マーシナリマシーン	1
55	0	1274	0	【花屋敷】花一匁	4
55	0	1274	1	【花屋敷】花一匁	2
55	0	1274	11	【花屋敷】花一匁	2
55	0	1275	0	力こそ正義	3
55	0	1275	1	力こそ正義M.R.A	4
55	0	1283	0	世界を流離うもの	1
55	0	1288	0	突撃ヒャッッハー隊	1
55	0	1291	0	第1291一揆小隊	1
55	0	1297	10	山野メイドサービス	1
55	0	1301	1	進化の過程　-ねずみは月に飛べるのか-	1
55	0	1302	0	シャラ様と下僕ども	2
55	0	1303	0	Starlight Windmill	2
55	0	1303	1	Starlight Windmill	2
55	0	1305	0	ALC旅団	2
55	0	1320	1	【花屋敷】花一匁	2
55	0	1322	0	南風	2
55	0	1325	0	第1325一揆小隊	1
55	0	1325	1	第1325一揆小隊	1
55	0	1326	0	第1523一揆小隊	2
55	0	1326	11	†暁が眠る、素晴らしき物語の果て†	2
55	0	1328	0	第1328一揆小隊	1
55	0	1328	1	第1328一揆小隊	1
55	0	1329	1	【花屋敷】花一匁	2
55	0	1329	11	【花屋敷】花一匁	2
55	0	1330	0	にんじん食べ隊	2
55	0	1330	1	にんじん食べ隊	2
55	0	1330	11	にんじん食べ隊	2
55	0	1331	0	株式会社自己破産	1
55	0	1331	1	株式会社自己破産	1
55	0	1331	10	株式会社自己破産	1
55	0	1333	1	第1523一揆小隊	1
55	0	1338	0	森をさまよい隊	4
55	0	1338	10	森をさまよい隊	4
55	0	1339	0	白銀の焔	3
55	0	1339	1	白銀の焔	3
55	0	1343	0	ヴェルヴェットガーデン	2
55	0	1343	1	ヴェルヴェットガーデンヴェルヴェットガーデン	4
55	0	1343	11	ヴェルヴェットガーデン	2
55	0	1348	1	進化の過程　-ねずみは月に飛べるのか-	1
55	0	1350	0	愛と正義の鳥人間御一行	4
55	0	1350	1	愛と正義の鳥人間御一行	4
55	0	1353	0	M.R.A	3
55	0	1356	0	第23一揆小隊	1
55	0	1356	10	第23一揆小隊	1
55	0	1361	0	突撃！めいべるちゃん	1
55	0	1361	1	突撃！めいべるちゃん	1
55	0	1361	10	突撃！めいべるちゃん	1
55	0	1363	0	第1363一揆小隊	1
55	0	1363	1	第1363一揆小隊	1
55	0	1369	0	第1369一揆小隊	1
55	0	1369	1	第1369一揆小隊	1
55	0	1383	0	礼拝堂でうたた寝	4
55	0	1383	10	礼拝堂でうたた寝	4
55	0	1391	0	第1391一揆小隊	1
55	0	1391	1	第1391一揆小隊	1
55	0	1394	0	トラトラくんと不快な仲間たち	1
55	0	1394	1	トラトラくんと不快な仲間たち	1
55	0	1395	1	森をさまよい隊森をさまよい隊	4
55	0	1395	11	森をさまよい隊	2
55	0	1400	0	ぶらり旅	1
55	0	1400	1	ぶらり旅	1
55	0	1424	0	第1424一揆小隊	1
55	0	1424	1	第1424一揆小隊	1
55	0	1425	0	とーこさんわんとっぷ	1
55	0	1425	1	とーこさんわんとっぷ	1
55	0	1430	0	ヒトが一人	4
55	0	1430	1	ヒトが一人	4
55	0	1430	10	ヒトが一人	4
55	0	1430	11	ヒトが一人	4
55	0	1431	0	第1431一揆小隊	1
55	0	1442	0	ふぁぼしちゃうぞ☆	3
55	0	1442	1	ふぁぼしちゃうぞ☆	3
55	0	1442	11	ふぁぼしちゃうぞ☆	3
55	0	1443	0	コードネーム”Dai・Kon”	1
55	0	1443	1	コードネーム”Dai・Kon”	1
55	0	1444	0	第1444一揆小隊	1
55	0	1444	1	第1444一揆小隊	1
55	0	1447	0	たごさくるせーだーず☆	1
55	0	1447	1	たごさくるせーだーず☆	1
55	0	1451	0	雪狼隊	1
55	0	1451	1	雪狼隊	1
55	0	1452	0	溝鼠	1
55	0	1452	10	溝鼠	1
55	0	1462	0	コーン	1
55	0	1462	1	コーン	1
55	0	1462	11	コーン	1
55	0	1463	0	ドゥエルノエル	1
55	0	1463	1	ドゥエルノエル	1
55	0	1470	0	第1470一揆小隊	1
55	0	1475	0	全てを奪い隊	2
55	0	1477	0	立直一発七対子裏小なの隊	3
55	0	1481	0	キーン商会	3
55	0	1481	1	キーン商会	3
55	0	1486	0	第1486一揆小隊	3
55	0	1486	1	第1486一揆小隊	3
55	0	1488	0	幌馬車	2
55	0	1488	10	幌馬車	2
55	0	1495	0	過去の咲く庭	3
55	0	1495	1	過去の咲く庭	3
55	0	1495	11	過去の咲く庭	3
55	0	1500	0	Seeker	1
55	0	1500	10	Seeker	1
55	0	1501	0	新狼牙風風拳	4
55	0	1501	1	新狼牙風風拳	4
55	0	1501	10	新狼牙風風拳	4
55	0	1501	11	新狼牙風風拳	4
55	0	1511	0	一揆当千 Shining Changer	2
55	0	1511	1	一揆当千 Shining Changer	2
55	0	1514	0	いろいろあったんだ・・・	4
55	0	1514	1	いろいろあったんだ・・・	4
55	0	1514	10	いろいろあったんだ・・・	4
55	0	1519	1	花喰らい	1
55	0	1523	1	Light Snow	2
55	0	1525	0	獣雪光華	2
55	0	1525	1	獣雪光華	2
55	0	1527	0	第1527一揆小隊	3
55	0	1527	1	第1527一揆小隊	3
55	0	1532	1	チームてんぷら	1
55	0	1536	0	第1662一揆小隊	4
55	0	1536	1	第1662一揆小隊	4
55	0	1538	0	羊使い	1
55	0	1538	1	羊使い	1
55	0	1542	1	第1198一揆小隊	1
55	0	1543	0	札束とポストとエルフと何か	4
55	0	1543	1	札束とポストとエルフと何か	4
55	0	1550	0	第1550一揆小隊	2
55	0	1550	1	第1550一揆小隊	2
55	0	1558	1	Que sera sera	1
55	0	1568	0	第1738一揆小隊	4
55	0	1568	1	第1738一揆小隊	4
55	0	1569	0	第1569一揆小隊	1
55	0	1569	1	第1569一揆小隊	1
55	0	1575	0	第1575一揆小隊	3
55	0	1575	1	第1575一揆小隊	3
55	0	1575	10	第1575一揆小隊	3
55	0	1575	11	第1575一揆小隊	3
55	0	1579	0	のんきな物見遊山	4
55	0	1579	1	のんきな物見遊山	4
55	0	1579	10	のんきな物見遊山	4
55	0	1579	11	のんきな物見遊山	4
55	0	1593	0	十字軍放浪記	1
55	0	1593	1	十字軍放浪記	1
55	0	1594	0	第1594一揆小隊	2
55	0	1594	1	第1594一揆小隊	2
55	0	1596	0	BLACK N' JACK	2
55	0	1596	1	BLACK N' JACK	2
55	0	1602	0	第1602一揆小隊	2
55	0	1602	1	第1602一揆小隊	2
55	0	1602	10	第1602一揆小隊	2
55	0	1602	11	第1602一揆小隊	2
55	0	1605	0	浪人と愉快な仲間たち	1
55	0	1605	1	浪人と愉快な仲間たち	1
55	0	1609	0	　	3
55	0	1609	1	　	3
55	0	1612	0	ねぼけてらー	1
55	0	1612	1	ねぼけてらー	1
55	0	1613	0	ミ^・×・^彡	1
55	0	1613	1	ミ^・×・^彡	1
55	0	1620	0	末摘花	2
55	0	1620	1	末摘花	2
55	0	1622	0	第1849一揆小隊	3
55	0	1622	1	第1849一揆小隊	3
55	0	1625	0	クロネコ葬儀屋	1
55	0	1625	1	クロネコ葬儀屋	1
55	0	1638	0	Moving	1
55	0	1638	1	Moving	1
55	0	1638	10	Moving	1
55	0	1639	0	☆゜+　ιょぅゅぁι゛田中　゜+☆	3
55	0	1639	1	☆゜+　ιょぅゅぁι゛田中　゜+☆	3
55	0	1642	0	第1859一揆小隊	4
55	0	1642	1	第1859一揆小隊	1
55	0	1650	0	Seeker	1
55	0	1650	10	Seeker	1
55	0	1654	0	第1654一揆小隊	1
55	0	1654	1	第1654一揆小隊	1
55	0	1657	0	美女と機械と野獣	3
55	0	1657	1	美女と機械と野獣	3
55	0	1666	0	第1666一揆小隊	4
55	0	1666	1	第1666一揆小隊	4
55	0	1680	0	第1680一揆小隊	1
55	0	1682	0	第23一揆小隊	1
55	0	1682	10	第23一揆小隊	1
55	0	1686	0	模範怪盗フォーリンブール	1
55	0	1686	1	模範怪盗フォーリンブール	1
55	0	1692	0	第1692一揆小隊	3
55	0	1692	1	第1692一揆小隊	3
55	0	1704	0	第1704一揆小隊	2
55	0	1704	1	第1704一揆小隊	2
55	0	1716	0	腹黒人形と人形使われの人斬り	1
55	0	1716	1	腹黒人形と人形使われの人斬り	1
55	0	1718	1	静かなる歩み	1
55	0	1718	11	静かなる歩み	1
55	0	1720	0	狐娘のんびり二人旅	2
55	0	1720	1	狐娘のんびり二人旅	2
55	0	1722	0	第1722一揆小隊	1
55	0	1722	1	第1722一揆小隊	1
55	0	1728	0	屯田兵	1
55	0	1728	1	屯田兵	1
55	0	1733	0	二陣の風と、二色の人形	4
55	0	1733	1	二陣の風と、二色の人形	4
55	0	1734	0	王様たおして皆の笑顔を守り隊	1
55	0	1734	1	王様たおして皆の笑顔を守り隊	1
55	0	1741	1	静かなる歩み	1
55	0	1742	0	寡黙な放浪者	3
55	0	1742	1	寡黙な放浪者	3
55	0	1744	0	黒百合に漆紅く	1
55	0	1744	1	黒百合に漆紅く	1
55	0	1746	0	聖遺物と巡る旅	2
55	0	1746	1	聖遺物と巡る旅	2
55	0	1757	0	第1757一揆小隊	3
55	0	1757	1	氷結の吸血鬼氷結の吸血鬼	4
55	0	1759	0	第1759一揆小隊	1
55	0	1759	1	第1759一揆小隊	1
55	0	1764	0	第1764一揆小隊	4
55	0	1764	1	第1764一揆小隊	3
55	0	1766	0	第1766一揆小隊	1
55	0	1766	1	第1766一揆小隊	1
55	0	1768	0	息抜きの合間に人生	4
55	0	1768	1	息抜きの合間に人生	1
55	0	1772	1	息抜きの合間に人生	3
55	0	1773	0	砂へ還す	1
55	0	1773	1	砂へ還す	1
55	0	1773	10	砂へ還す	1
55	0	1773	11	砂へ還す	1
55	0	1774	0	俺達これが終わったらクリスマスするんだ…	1
55	0	1774	1	俺達これが終わったらクリスマスするんだ…	1
55	0	1780	0	桃缶をとりかえし隊	4
55	0	1780	1	桃缶をとりかえし隊	4
55	0	1791	0	第1791一揆小隊	3
55	0	1791	1	第1791一揆小隊	3
55	0	1793	1	ちび軍師の旅路	1
55	0	1796	0	第1796一揆小隊	1
55	0	1796	1	第1796一揆小隊	1
55	0	1802	0	そんなことよりぷりんがたべたいFear of Behind	2
55	0	1802	10	そんなことよりぷりんがたべたい	1
55	0	1809	0	牡牛座号のドリルが欲しい	2
55	0	1809	1	牡牛座号のドリルが欲しい牡牛座号のドリルが欲しい	4
55	0	1812	0	第1812一揆小隊	1
55	0	1813	0	第1813一揆小隊	1
55	0	1814	1	第1757一揆小隊氷結の吸血鬼	2
55	0	1818	0	第1818一揆小隊	1
55	0	1824	1	第1757一揆小隊	1
55	0	1826	0	犬小屋	1
55	0	1826	1	犬小屋	1
55	0	1827	0	第23一揆小隊	1
55	0	1827	10	第23一揆小隊	1
55	0	1835	0	第1835一揆小隊	1
55	0	1835	1	第1835一揆小隊	1
55	0	1837	0	第1837一揆小隊	1
55	0	1844	1	第1859一揆小隊	1
55	0	1848	1	第1764一揆小隊	1
55	0	1850	0	山の幸	1
55	0	1850	1	山の幸	1
55	0	1853	0	幸星だって怖くないパーティ	1
55	0	1853	1	幸星だって怖くないパーティ	2
55	0	1859	1	第1859一揆小隊	1
55	0	1863	1	Light Snow私が勝てないのはどう考えても箱が悪い！	2
55	0	1863	11	Light Snow	1
55	0	1876	0	よつどもえ　ねくたろう小隊	1
55	0	1876	1	よつどもえ　ねくたろう小隊	1
55	0	1876	10	よつどもえ　ねくたろう小隊	1
55	0	1884	0	第1884一揆小隊	1
55	0	1884	1	第1884一揆小隊	1
55	0	1891	0	砂へ還す	1
55	0	1891	1	砂へ還す	1
55	0	1891	10	砂へ還す	1
55	0	1891	11	砂へ還す	1
55	0	1909	0	地獄の番犬	1
55	0	1909	1	地獄の番犬	1
55	0	1910	0	第1910一揆小隊	1
55	0	1911	0	千撃騎士団（迷子中）	1
55	0	1911	1	千撃騎士団（迷子中）	1
55	0	1911	11	千撃騎士団（迷子中）	1
55	0	1917	0	そんなことよりぷりんがたべたい	1
55	0	1917	10	そんなことよりぷりんがたべたい	1
55	0	1920	0	第1920一揆小隊	1
55	0	1920	1	第1920一揆小隊	1
55	0	1923	0	なんだかもう眠いんだ・・・	1
55	0	1929	0	第1929一揆小隊	1
55	0	1929	1	第1929一揆小隊	1
55	0	1930	0	第1930一揆小隊	1
55	0	1930	1	第1930一揆小隊	1
55	0	1931	0	第1931一揆小隊	1
55	0	1931	1	第1931一揆小隊	1
55	0	1933	0	第2014一揆小隊	1
55	0	1933	1	第2014一揆小隊	1
55	0	1945	0	Light Snow	3
55	0	1945	10	Light Snow	3
55	0	1947	1	Light Snow	1
55	0	1947	11	Light Snow	1
55	0	1948	0	平均少女隊	1
55	0	1948	1	平均少女隊	1
55	0	1949	0	たたかうしのび	2
55	0	1949	1	たたかうしのび	2
55	0	1950	0	第1950一揆小隊	1
55	0	1950	1	第1950一揆小隊	1
55	0	1958	0	巡一如	1
55	0	1958	1	巡一如	1
55	0	1959	10	Fear of Behind	1
55	0	1960	0	寡黙と怠惰とドジっ娘と	2
55	0	1960	1	寡黙と怠惰とドジっ娘と	2
55	0	1963	0	第1963一揆小隊	1
55	0	1963	1	第1963一揆小隊	1
55	0	1965	0	不定形非安定不定住	1
55	0	1965	1	不定形非安定不定住	1
55	0	1965	11	不定形非安定不定住	1
55	0	1967	0	外道	1
55	0	1967	1	外道	1
55	0	1967	10	外道	1
55	0	1967	11	外道	1
55	0	1973	1	第1859一揆小隊	1
55	0	1981	1	第614一揆小隊	1
55	0	2001	0	農場に御殿を建てたい	1
55	0	2001	1	農場に御殿を建てたい	1
55	0	2004	0	第2004一揆小隊	1
55	0	2004	1	第2004一揆小隊	1
55	0	2011	0	第2011一揆小隊	1
55	0	2011	1	第2011一揆小隊	1
55	0	2011	10	第2011一揆小隊	1
55	0	2011	11	第2011一揆小隊	1
55	0	2013	0	幽霊浮遊行脚	1
55	0	2013	1	幽霊浮遊行脚	1
55	0	2014	0	第2014一揆小隊	1
55	0	2026	0	小学生一人旅	1
55	0	2026	1	小学生一人旅	1
55	0	2026	10	小学生一人旅	1
55	0	2027	1	礼拝堂でうたた寝	1
55	0	2050	0	第2050一揆小隊	4
55	0	2050	1	第2050一揆小隊	4
55	0	2055	0	徘徊灰人	1
55	0	2055	1	徘徊灰人	1
55	0	2067	0	気まま娘放浪中	1
55	0	2067	1	気まま娘放浪中	1
55	0	2073	1	けものもり	2
55	0	2076	0	第2076一揆小隊	1
55	0	2076	1	第2076一揆小隊	1
55	0	2079	1	これ、戦争なんだよね	3
55	0	2085	11	私が勝てないのはどう考えても箱が悪い！	1
55	0	2091	0	執事の気まぐれ中華炒め〜花を添えて〜	3
55	0	2091	1	執事の気まぐれ中華炒め〜花を添えて〜	3
55	0	2111	1	ジュエリーフォース	1
55	0	2115	0	第2115一揆小隊	1
55	0	2115	1	第2115一揆小隊	1
55	0	2117	0	小さな足音	1
55	0	2117	1	小さな足音	1
55	0	2148	0	第2148一揆小隊	2
55	0	2148	1	第2148一揆小隊	2
55	0	2151	0	美味い酒が飲み隊	1
55	0	2151	1	美味い酒が飲み隊	1
55	0	2163	0	第2163一揆小隊	1
55	0	2163	1	第2163一揆小隊	1
55	0	2171	0	終焉への夜想曲	1
55	0	2171	1	終焉への夜想曲	1
55	0	2179	0	サファイア	1
55	0	2179	1	サファイア	1
55	0	2199	0	第2199一揆小隊	1
55	0	2199	10	第2199一揆小隊	1
55	0	2200	0	第2200一揆小隊	1
55	0	2201	0	熊猫と精霊	2
55	0	2201	1	熊猫と精霊	2
55	0	2214	0	剣と魔法とプロテイン	2
55	0	2214	1	剣と魔法とプロテイン	2
55	0	2224	0	彷徨い人	1
55	0	2224	1	第2679一揆小隊	2
55	0	2239	0	なんちゃら隊でいいんじゃねェの	3
55	0	2239	1	なんちゃら隊でいいんじゃねェの	3
55	0	2248	0	山岳探索隊	2
55	0	2248	1	山岳探索隊	2
55	0	2249	1	Zefeltearis	1
55	0	2253	0	第2253一揆小隊	1
55	0	2253	1	第2253一揆小隊	1
55	0	2258	0	第2258一揆小隊	1
55	0	2258	1	第2258一揆小隊	1
55	0	2259	0	第2259一揆小隊	1
55	0	2259	1	第2259一揆小隊	1
55	0	2262	0	Quatre tratres	4
55	0	2262	1	Quatre tratres	3
55	0	2267	1	Quatre tratres	1
55	0	2270	0	第2270一揆小隊	1
55	0	2273	0	探索者達	4
55	0	2273	1	探索者達	4
55	0	2274	0	第2274一揆小隊	4
55	0	2274	1	第2274一揆小隊	4
55	0	2279	0	第2279一揆小隊	2
55	0	2279	1	第2279一揆小隊	2
55	0	2285	0	氷結の吸血鬼	4
55	0	2289	0	第2289一揆小隊	1
55	0	2289	1	第2289一揆小隊	1
55	0	2292	0	土堀鼠隊	1
55	0	2292	1	土堀鼠隊	1
55	0	2292	10	土堀鼠隊	1
55	0	2294	0	Wonder Walker	1
55	0	2294	1	Wonder Walker	1
55	0	2297	0	お腹いっぱいエビフライ食べ隊	1
55	0	2297	1	お腹いっぱいエビフライ食べ隊	1
55	0	2306	0	食材を追い求める会	3
55	0	2306	1	食材を追い求める会	3
55	0	2310	0	第2310一揆小隊	1
55	0	2310	1	第2310一揆小隊	1
55	0	2314	0	ぶっころりー☆パーティー	4
55	0	2314	1	ぶっころりー☆パーティー	4
55	0	2322	0	第2322一揆小隊	1
55	0	2325	0	ネム隊	1
55	0	2325	1	ネム隊	1
55	0	2326	0	第2326一揆小隊	1
55	0	2326	1	第2326一揆小隊	1
55	0	2327	1	力こそ正義†暁が眠る、素晴らしき物語の果て†	4
55	0	2327	11	力こそ正義	2
55	0	2335	0	第2335一揆小隊	1
55	0	2335	1	第2335一揆小隊	1
55	0	2335	10	第2335一揆小隊	1
55	0	2340	0	第2340一揆小隊	2
55	0	2340	1	第2340一揆小隊	2
55	0	2355	0	第2355一揆小隊	4
55	0	2355	1	第2355一揆小隊	4
55	0	2368	0	†暁が眠る、素晴らしき物語の果て†	2
55	0	2384	0	第2384一揆小隊	1
55	0	2384	1	第2384一揆小隊	1
55	0	2389	0	レム様を崇め奉り隊	1
55	0	2389	1	レム様を崇め奉り隊	1
55	0	2393	0	あの人はいま！小隊	2
55	0	2393	1	あの人はいま！小隊	4
55	0	2400	1	求める者達	2
55	0	2403	0	永宮隊	2
55	0	2403	1	永宮隊	2
55	0	2408	0	とかげ	1
55	0	2408	1	とかげ	1
55	0	2428	0	第2428一揆小隊	3
55	0	2428	1	第2428一揆小隊	3
55	0	2432	1	南風	1
55	0	2436	0	第2436一揆小隊	2
55	0	2449	1	こんばんわｗｗアジアの歌姫内藤ですｗｗｗ	1
55	0	2456	0	役割論破「ヤティスファクション」	1
55	0	2456	1	役割論破「ヤティスファクション」	1
55	0	2468	0	第2468一揆小隊	1
55	0	2468	1	第2468一揆小隊	1
55	0	2469	0	鮭とまな板	1
55	0	2469	1	鮭とまな板	1
55	0	2470	1	第1アルコール中隊	1
55	0	2472	0	第2472一揆小隊	1
55	0	2473	0	第2473一揆小隊	1
55	0	2473	1	第2473一揆小隊	1
55	0	2476	0	ぼっち勢	1
55	0	2476	1	ぼっち勢	1
55	0	2486	0	迫真お嬢様部	1
55	0	2486	1	迫真お嬢様部	1
55	0	2487	0	もふもふと頭蓋骨と私	4
55	0	2487	1	もふもふと頭蓋骨と私	4
55	0	2487	10	もふもふと頭蓋骨と私	4
55	0	2498	0	第2498一揆小隊	4
55	0	2498	1	第2498一揆小隊	4
55	0	2506	0	風の吹くまま	1
55	0	2506	1	風の吹くまま	1
55	0	2509	0	ひとりごはん	1
55	0	2509	1	ひとりごはん	1
55	0	2510	0	第2510一揆小隊	1
55	0	2510	1	第2510一揆小隊	1
55	0	2513	0	第2542一揆小隊	3
55	0	2513	1	第2542一揆小隊	2
55	0	2514	0	にじのきらめき	4
55	0	2514	1	にじのきらめき	4
55	0	2518	1	歩く裁縫人	1
55	0	2532	0	月明かりの旅人	1
55	0	2532	1	月明かりの旅人	1
55	0	2533	1	第2542一揆小隊	2
55	0	2534	1	礼拝堂でうたた寝	1
55	0	2538	0	炎の末路	1
55	0	2538	1	炎の末路	2
55	0	2539	0	Peace	1
55	0	2539	1	Peace	1
55	0	2540	1	隼独立機動隊	1
55	0	2550	0	第2550一揆小隊	4
55	0	2550	1	第2550一揆小隊	2
55	0	2557	0	第2557一揆小隊	4
55	0	2557	1	第2557一揆小隊	4
55	0	2568	0	果報は寝て待ち隊	1
55	0	2568	1	果報は寝て待ち隊	1
55	0	2581	1	全てを奪い隊	1
55	0	2588	0	コンミミ御一行	2
55	0	2588	1	コンミミ御一行	2
55	0	2593	0	第2593一揆小隊	3
55	0	2593	1	第2593一揆小隊	4
55	0	2609	0	第2609一揆小隊	1
55	0	2609	1	第2609一揆小隊	1
55	0	2624	0	天辺目指す女子の会	1
55	0	2624	1	天辺目指す女子の会	1
55	0	2637	0	第2637一揆小隊	4
55	0	2637	1	第2637一揆小隊	4
55	0	2641	0	第2641一揆小隊	2
55	0	2641	1	第2641一揆小隊	2
55	0	2660	1	第1アルコール中隊	1
55	0	2661	0	第2661一揆小隊	1
55	0	2668	0	悪の怪人	1
55	0	2668	1	悪の怪人	1
55	0	2670	1	第2550一揆小隊	3
55	0	2671	0	第2762一揆小隊	4
55	0	2671	1	第2762一揆小隊	4
55	0	2672	0	第2672一揆小隊	1
55	0	2672	1	第2672一揆小隊	1
55	0	2677	0	白い空、風の音	1
55	0	2677	1	白い空、風の音	3
55	0	2679	0	第2679一揆小隊	1
55	0	2683	0	第2867一揆小隊	4
55	0	2683	1	第2867一揆小隊	4
55	0	2685	0	PT名☆めっちゃゆるぼ	3
55	0	2685	1	PT名☆めっちゃゆるぼ	3
55	0	2690	0	流れに任せて冒険し隊	1
55	0	2690	1	流れに任せて冒険し隊	1
55	0	2693	0	第2693一揆小隊	1
55	0	2693	1	第2693一揆小隊	1
55	0	2711	0	第2711一揆小隊	3
55	0	2711	1	もふもふもふも	4
55	0	2713	1	†暁が眠る、素晴らしき物語の果て†	1
55	0	2721	0	第2724一揆小隊	4
55	0	2721	1	第2724一揆小隊	4
55	0	2722	0	第2722一揆小隊	1
55	0	2722	1	第2722一揆小隊	1
55	0	2723	0	第2723一揆小隊	1
55	0	2723	1	第2723一揆小隊	1
55	0	2725	0	とりがー☆はっぴー♪	1
55	0	2725	1	とりがー☆はっぴー♪	1
55	0	2731	0	第2731一揆小隊	2
55	0	2737	0	もふもふもふも	1
55	0	2743	1	第2711一揆小隊	1
55	0	2747	0	第2753一揆小隊	2
55	0	2747	1	第2753一揆小隊	2
55	0	2755	1	登山グループ	2
55	0	2757	0	第2757一揆小隊	1
55	0	2757	1	第2757一揆小隊	1
55	0	2758	0	第2758一揆小隊	1
55	0	2758	1	第2758一揆小隊	1
55	0	2759	1	第2731一揆小隊	2
55	0	2760	0	登山グループ	3
55	0	2760	1	登山グループ	3
55	0	2768	0	地獄のエンブリオ契約隊	2
55	0	2768	1	地獄のエンブリオ契約隊	1
55	0	2786	1	隼独立機動隊	1
55	0	2786	11	隼独立機動隊	1
55	0	2789	0	第2789一揆小隊	1
55	0	2796	0	第2796一揆小隊	1
55	0	2796	1	第2796一揆小隊	1
55	0	2800	0	第2800一揆小隊	4
55	0	2800	1	第2800一揆小隊	4
55	0	2807	0	第2807一揆小隊	1
55	0	2807	1	第2807一揆小隊	1
55	0	2812	0	ア%Zh/エs	1
55	0	2812	1	ア%Zh/エs	1
55	0	2818	0	第2818一揆小隊	1
55	0	2818	1	第2818一揆小隊	1
55	0	2820	0	月の軌跡	4
55	0	2820	1	月の軌跡	1
55	0	2830	0	第2830一揆小隊	1
55	0	2830	1	第2830一揆小隊	1
55	0	2840	1	月の軌跡	3
55	0	2847	0	明々亭	1
55	0	2847	1	明々亭	1
55	0	2861	0	legacy2	1
55	0	2861	1	legacy2	1
55	0	2872	0	第2872一揆小隊	2
55	0	2872	1	第2872一揆小隊	2
55	0	2875	0	Oratorio	3
55	0	2875	1	Oratorio	3
55	0	2878	0	第2878一揆小隊	2
55	0	2878	1	第2878一揆小隊	1
55	0	2881	0	第2881一揆小隊	2
55	0	2881	1	第2881一揆小隊	2
55	0	2883	0	箱と星のファンタジー	1
55	0	2883	1	箱と星のファンタジー	1
55	0	2885	0	ゴーストライター、いくない！	2
55	0	2885	1	ゴーストライター、いくない！	2
55	0	2890	0	waxing crescent moon	1
55	0	2890	1	waxing crescent moon	1
55	0	2891	0	夜明けの明星	1
55	0	2891	1	夜明けの明星	1
55	0	2894	0	第2894一揆小隊	1
55	0	2894	1	第2894一揆小隊	1
55	0	2895	0	第2895一揆小隊	3
55	0	2895	1	第2895一揆小隊	3
55	0	2902	0	第2902一揆小隊	1
55	0	2902	1	第2902一揆小隊	1
55	0	2908	0	苦労性としょっぱいのと竹と迷子（仮）	4
55	0	2908	1	苦労性としょっぱいのと竹と迷子（仮）	4
55	0	2913	0	お空をお散歩し隊	2
55	0	2913	1	お空をお散歩し隊	2
55	0	2913	11	お空をお散歩し隊	2
55	0	2918	0	第2918一揆小隊	2
55	0	2918	1	第2918一揆小隊	2
55	0	2931	0	雑貨屋	2
55	0	2931	1	雑貨屋	2
55	0	2939	0	旅日和	1
55	0	2939	1	旅日和	1
55	0	2941	0	心の闇と向き合う会	2
55	0	2941	1	心の闇と向き合う会	2
55	0	2943	0	第2943一揆小隊	1
55	0	2943	1	第2943一揆小隊	1
55	0	2946	0	ぼっち	1
55	0	2946	1	ぼっち	1
55	0	2947	0	世紀末メルンテーゼ	1
55	0	2947	1	世紀末メルンテーゼ	1
55	0	2951	0	蕎麦屋「秋風」出前スクーター	1
55	0	2951	1	蕎麦屋「秋風」出前スクーター	1
55	0	2952	0	第2952一揆小隊	1
55	0	2952	1	第2952一揆小隊	1
55	0	2959	0	第2959一揆小隊	3
55	0	2959	1	第2959一揆小隊	3
55	0	2960	0	第2960一揆小隊	1
55	0	2960	1	第2960一揆小隊	1
55	0	2963	0	第2963一揆小隊	1
55	0	2963	1	第2963一揆小隊	1
55	0	2963	11	第2963一揆小隊	1
55	0	2968	0	元ヤク中と単眼猫とハゲとざる	4
55	0	2968	1	元ヤク中と単眼猫とハゲとざる	4
55	0	2975	0	第2975一揆小隊	2
55	0	2975	1	第2976一揆小隊	2
55	0	2976	0	第2976一揆小隊	1
55	0	2978	0	シャドームーン	1
55	0	2978	1	シャドームーン	1
55	0	2980	0	第2980一揆小隊	1
55	0	2980	1	第2980一揆小隊	1
55	0	2981	0	第2981一揆小隊	1
55	0	2983	0	はぐれ死神一人旅	1
55	0	2983	1	はぐれ死神一人旅	1
55	0	2988	0	第2988一揆小隊	3
55	0	2988	1	第2988一揆小隊	3
55	0	2991	1	第2975一揆小隊	1
55	0	2992	0	第2992一揆小隊	1
55	0	2992	1	第2992一揆小隊	1
55	0	2995	0	第2995一揆小隊	1
55	0	2995	1	第2995一揆小隊	1
55	0	2996	0	第2996一揆小隊	2
55	0	2996	1	第2996一揆小隊	2
55	0	2997	0	泥濘	2
55	0	2997	1	泥濘	2
55	0	2997	11	泥濘	2
55	0	2998	0	影と焔が合わさり最強にマッスルポテト	2
55	0	2998	1	影と焔が合わさり最強にマッスルポテト	2
55	0	2999	0	第3005一揆小隊	2
55	0	2999	1	第3005一揆小隊	2
55	0	3001	0	ヴォルフラム様降臨	1
55	0	3001	1	ヴォルフラム様降臨	1
55	0	3010	0	しゃべるトリとしゃべらない少女	1
55	0	3010	1	しゃべるトリとしゃべらない少女	1
55	0	3013	0	理想郷	1
55	0	3015	0	——	2
55	0	3015	1	——	2
55	0	3021	0	第3021一揆小隊	1
55	0	3021	1	第3021一揆小隊	2
55	0	3022	0	タワムレ部隊	4
55	0	3022	1	タワムレ部隊	4
55	0	3028	0	影と銀の猫	1
55	0	3030	0	嫁不足	1
55	0	3030	1	嫁不足	1
55	0	3031	1	礼拝堂でうたた寝	1
55	0	3032	0	第3032一揆小隊	1
55	0	3032	1	第3032一揆小隊	1
55	0	3036	0	第3039一揆小隊	4
55	0	3036	1	第3039一揆小隊	4
55	0	3045	1	地獄のエンブリオ契約隊	1
55	0	3050	0	第3050一揆小隊	1
55	0	3050	1	第3050一揆小隊	1
55	0	3053	0	踊る金平糖	1
55	0	3053	1	踊る金平糖	1
55	0	3071	0	第3071一揆小隊	1
55	0	3071	1	第3071一揆小隊	1
55	0	3074	0	第3074一揆小隊	1
55	0	3074	1	第3074一揆小隊	1
55	0	3077	0	第3077一揆小隊	3
55	0	3077	1	第3077一揆小隊	3
55	0	3079	0	第3079一揆小隊	1
55	0	3079	1	第3079一揆小隊	1
55	0	3086	0	第3086一揆小隊	1
55	0	3086	1	第3086一揆小隊	1
55	0	3091	0	第3091一揆小隊	3
55	0	3091	1	第3091一揆小隊	4
55	0	3096	0	メイキュー先発隊	1
55	0	3096	1	メイキュー先発隊	1
55	0	3097	0	第3097一揆小隊	1
55	0	3097	1	第3097一揆小隊	1
55	0	3110	0	第3110一揆小隊	1
55	0	3110	1	第3110一揆小隊	1
55	0	3112	0	チクフェス	1
55	0	3112	1	チクフェス	1
55	0	3112	10	チクフェス	1
55	0	3114	0	第3114一揆小隊	2
55	0	3114	1	第3114一揆小隊	2
55	0	3120	0	ちーむえれある	1
55	0	3120	1	ちーむえれある	1
55	0	3123	0	流離う龍神	1
55	0	3123	1	流離う龍神	1
55	0	3128	0	第3128一揆小隊	2
55	0	3128	1	第3128一揆小隊	2
55	0	3135	0	宙詠みの散策	1
55	0	3135	1	宙詠みの散策	1
55	0	3136	0	第3136一揆小隊	1
55	0	3136	1	第3136一揆小隊	1
55	0	3137	0	第3137一揆小隊	1
55	0	3137	1	第3137一揆小隊	1
55	0	3139	0	第3139一揆小隊	1
55	0	3139	1	第3139一揆小隊	1
55	0	3140	0	第3140MS小隊	1
55	0	3140	1	第3140MS小隊	1
55	0	3143	0	第3143一揆小隊	1
55	0	3143	1	第3143一揆小隊	1
55	0	3147	0	蒼天獣さんと愉快な仲間たち	2
55	0	3147	1	蒼天獣さんと愉快な仲間たち	2
55	0	3149	0	蒼剣隊-第三小隊-	1
55	0	3149	1	蒼剣隊-第三小隊-	1
55	0	3152	0	第3152一揆小隊	1
55	0	3152	1	第3152一揆小隊	1
55	0	3159	0	第3160一揆小隊	3
55	0	3159	1	第3160一揆小隊	3
55	0	3161	0	田舎者といもむし	1
55	0	3161	1	田舎者といもむし	1
55	0	3162	0	第3162一揆小隊	1
55	0	3162	1	第3162一揆小隊	1
55	0	3162	11	第3162一揆小隊	1
55	0	3163	0	一揆愚連隊	1
55	0	3163	1	一揆愚連隊	1
55	0	3167	0	まよいみち	1
55	0	3167	1	まよいみち	1
55	0	3170	0	第3174一揆小隊	3
55	0	3170	1	第3174一揆小隊	3
55	0	3170	10	第3174一揆小隊	3
55	0	3172	0	氷魔竜の逆鱗	1
55	0	3172	1	氷魔竜の逆鱗	1
55	0	3173	0	第3173一揆小隊	1
55	0	3173	1	第3173一揆小隊	1
55	0	3176	0	第3176一揆小隊	1
55	0	3176	1	第3176一揆小隊	1
55	0	3177	0	第3177一揆小隊	2
55	0	3177	1	第3177一揆小隊	2
55	0	3179	0	第3179一揆小隊	1
55	0	3179	1	第3179一揆小隊	1
55	0	3179	10	第3179一揆小隊	1
55	0	3179	11	第3179一揆小隊	1
55	0	3180	0	第3180一揆小隊	1
55	0	3180	1	第3180一揆小隊	1
55	0	3181	0	第3181一揆小隊	1
55	0	3181	1	第3181一揆小隊	1
55	0	3182	0	第3182一揆小隊	1
55	0	3182	1	第3182一揆小隊	1
55	0	3183	0	百舌鳥隊	1
55	0	3183	1	百舌鳥隊	1
55	0	3184	0	第3184一揆小隊	1
55	0	3184	1	第3184一揆小隊	1
55	0	3185	0	第3185一揆小隊	1
55	0	3185	1	第3185一揆小隊	1
55	0	3186	0	第3186一揆小隊	1
55	0	3186	1	第3186一揆小隊	1
55	0	3187	0	第3187一揆小隊	1
55	0	3187	1	第3187一揆小隊	1
55	0	3188	0	第3188一揆小隊	1
55	0	3188	1	第3188一揆小隊	1
55	0	3189	0	第3189一揆小隊	1
55	0	3189	1	第3189一揆小隊	1
55	0	3190	0	第3190一揆小隊	1
55	0	3190	1	第3190一揆小隊	1
55	0	3191	0	第3191一揆小隊	1
55	0	3191	1	第3191一揆小隊	1
55	0	3193	0	第3193一揆小隊	1
55	0	3193	1	第3193一揆小隊	1
55	0	3194	0	珍奇生物	1
55	0	3194	1	珍奇生物	1
55	0	3194	10	珍奇生物	1
55	0	3194	11	珍奇生物	1
55	0	3195	0	第3195一揆小隊	1
55	0	3195	1	第3195一揆小隊	1
55	0	3197	0	第3197一揆小隊	1
55	0	3197	1	第3197一揆小隊	1
55	0	3198	0	第7729魔法小隊	1
55	0	3198	1	第7729魔法小隊	1
55	0	3199	0	第3199一揆小隊	1
55	0	3199	1	第3199一揆小隊	1
55	0	3200	0	第3200一揆小隊	1
55	0	3200	1	第3200一揆小隊	1
55	0	3201	0	第3201一揆小隊	1
55	0	3201	1	第3201一揆小隊	1
55	0	3202	0	第3202一揆小隊	1
55	0	3202	1	第3202一揆小隊	1
